epoch,accuracy,loss,negative,positive,pred_positive,roc_auc,sensitivity,specificity,true_negative,true_positive,val_accuracy,val_loss,val_negative,val_positive,val_pred_positive,val_roc_auc,val_sensitivity,val_speci,val_true_negative,val_true_positive
0,0.35236222,6.993941784,478,30,336,0.5065551,0.73333335,0.31380752,150,22,0.045662101,6.606022835,209,10,219,0.645454526,1,0,0,10
1,0.38779527,6.829161167,478,30,319,0.5341004,0.6333333,0.37238494,178,19,0.045662101,6.572767258,209,10,219,0.647846878,1,0,0,10
2,0.36417323,6.900869846,478,30,333,0.53312415,0.6666667,0.3451883,165,20,0.045662101,6.538597107,209,10,219,0.645933032,1,0,0,10
3,0.42322835,6.817799091,478,30,309,0.5711994,0.76666665,0.40167364,192,23,0.050228309,6.504238605,209,10,218,0.647846878,1,0.004784689,1,10
4,0.39763778,6.765374184,478,30,320,0.54595536,0.73333335,0.37656903,180,22,0.063926943,6.46967411,209,10,215,0.650717676,1,0.019138755,4,10
5,0.40944883,6.621086121,478,30,322,0.666318,0.8666667,0.38075313,182,26,0.100456618,6.434616089,209,10,205,0.650239229,0.899999976,0.062200956,13,9
6,0.3996063,6.688815594,478,30,315,0.5479777,0.6666667,0.3828452,183,20,0.127853885,6.399305344,209,10,199,0.644019127,0.899999976,0.090909094,19,9
7,0.43503937,6.610112667,478,30,297,0.5548117,0.6666667,0.4205021,201,20,0.19178082,6.364182472,209,10,185,0.64354068,0.899999976,0.157894731,33,9
8,0.41141734,6.59920311,478,30,305,0.54735005,0.6,0.39958158,191,18,0.287671238,6.329525948,209,10,162,0.642583728,0.800000012,0.263157904,55,8
9,0.38976377,6.653861523,478,30,306,0.41443515,0.43333334,0.3870293,185,13,0.369863003,6.29497242,209,10,144,0.644497633,0.800000012,0.349282295,73,8
10,0.47637796,6.572525501,478,30,274,0.51053,0.6333333,0.4665272,223,19,0.447488576,6.260630608,209,10,127,0.650239229,0.800000012,0.430622011,90,8
11,0.48228347,6.424939156,478,30,267,0.5629707,0.56666666,0.47698745,228,17,0.502283096,6.226285458,209,10,113,0.651674628,0.699999988,0.492822975,103,7
12,0.44094488,6.481236458,478,30,292,0.517364,0.6333333,0.4288703,205,19,0.543379009,6.192107677,209,10,104,0.650717676,0.699999988,0.535885155,112,7
13,0.4468504,6.37647295,478,30,295,0.6079498,0.73333335,0.4288703,205,22,0.602739751,6.157993317,209,10,91,0.656937778,0.699999988,0.598086119,125,7
14,0.47834647,6.391631603,478,30,263,0.48165968,0.46666667,0.47907948,229,14,0.634703219,6.123990059,209,10,84,0.659808636,0.699999988,0.631578922,132,7
15,0.52362204,6.393973827,478,30,246,0.56053,0.56666666,0.5209205,249,17,0.666666687,6.090074062,209,10,77,0.661722481,0.699999988,0.665071785,139,7
16,0.52952754,6.288299084,478,30,241,0.5449442,0.53333336,0.5292887,253,16,0.712328792,6.056399345,209,10,67,0.661244035,0.699999988,0.712918639,149,7
17,0.46850392,6.251268387,478,30,278,0.5587169,0.6333333,0.458159,219,19,0.726027369,6.022912502,209,10,64,0.666028678,0.699999988,0.727272749,152,7
18,0.47440946,6.327725887,478,30,265,0.46792188,0.46666667,0.4748954,227,14,0.721461177,5.989704609,209,10,59,0.66842103,0.400000006,0.736842096,154,4
19,0.54527557,6.148890972,478,30,231,0.54504883,0.5,0.54811716,262,15,0.753424644,5.95674324,209,10,52,0.666985631,0.400000006,0.770334899,161,4
20,0.5059055,6.14208889,478,30,255,0.5554742,0.56666666,0.50209206,240,17,0.771689475,5.923854828,209,10,46,0.670334935,0.300000012,0.794258356,166,3
21,0.53346455,6.059916973,478,30,235,0.5474198,0.46666667,0.5376569,257,14,0.794520557,5.890973091,209,10,39,0.674162686,0.200000003,0.822966516,172,2
22,0.51968503,6.082740784,478,30,240,0.51025105,0.43333334,0.5251046,251,13,0.803652942,5.858323574,209,10,37,0.677990437,0.200000003,0.832535863,174,2
23,0.5551181,6.036797047,478,30,226,0.5171548,0.5,0.5585774,267,15,0.81735158,5.825919628,209,10,34,0.680861235,0.200000003,0.846889973,177,2
24,0.5098425,6.064404011,478,30,245,0.42977685,0.43333334,0.5146443,246,13,0.821917832,5.793765545,209,10,33,0.684210539,0.200000003,0.851674616,178,2
25,0.5511811,6.024382591,478,30,226,0.497106,0.46666667,0.55648535,266,14,0.831050217,5.761840343,209,10,31,0.684688985,0.200000003,0.861244023,180,2
26,0.5905512,5.872042179,478,30,216,0.615272,0.6333333,0.5878661,281,19,0.844748855,5.730089664,209,10,28,0.685167491,0.200000003,0.875598073,183,2
27,0.53149605,5.945600033,478,30,228,0.42116457,0.33333334,0.54393303,260,10,0.849315047,5.698592186,209,10,27,0.68277514,0.200000003,0.880382776,184,2
28,0.5610236,5.897408962,478,30,221,0.5145049,0.46666667,0.5669456,271,14,0.849315047,5.667366505,209,10,27,0.681818187,0.200000003,0.880382776,184,2
29,0.5531496,5.819998741,478,30,225,0.536053,0.46666667,0.5585774,267,14,0.849315047,5.636339664,209,10,27,0.681339741,0.200000003,0.880382776,184,2
30,0.5905512,5.868215084,478,30,200,0.5011855,0.36666667,0.6046025,289,11,0.853881299,5.605659008,209,10,26,0.677990437,0.200000003,0.88516748,185,2
31,0.53740156,5.800147533,478,30,231,0.50634587,0.43333334,0.54393303,260,13,0.858447492,5.575062752,209,10,25,0.665071785,0.200000003,0.889952183,186,2
32,0.5767717,5.662564278,478,30,221,0.6459554,0.6,0.5753138,275,18,0.858447492,5.544568062,209,10,25,0.65406698,0.200000003,0.889952183,186,2
33,0.5570866,5.740989208,478,30,223,0.5073919,0.46666667,0.5627615,269,14,0.858447492,5.514212608,209,10,25,0.648325384,0.200000003,0.889952183,186,2
34,0.5551181,5.702048779,478,30,228,0.50808924,0.53333336,0.55648535,266,16,0.858447492,5.484030724,209,10,25,0.644019127,0.200000003,0.889952183,186,2
35,0.5531496,5.656128883,478,30,235,0.5691074,0.6333333,0.54811716,262,19,0.858447492,5.453902721,209,10,25,0.640669882,0.200000003,0.889952183,186,2
36,0.5472441,5.69156599,478,30,224,0.49316597,0.4,0.55648535,266,12,0.867579937,5.423962116,209,10,23,0.633014381,0.200000003,0.89952153,188,2
37,0.53937006,5.63952589,478,30,228,0.4400279,0.4,0.54811716,262,12,0.867579937,5.394150257,209,10,23,0.630622029,0.200000003,0.89952153,188,2
38,0.503937,5.575577736,478,30,252,0.49058577,0.5,0.5041841,241,15,0.867579937,5.364519119,209,10,23,0.626315773,0.200000003,0.89952153,188,2
39,0.5177165,5.543633461,478,30,247,0.52785915,0.53333336,0.5167364,247,16,0.87214613,5.335024834,209,10,22,0.62535888,0.200000003,0.904306233,189,2
40,0.53346455,5.500462532,478,30,237,0.54170156,0.5,0.53556484,256,15,0.876712322,5.305672169,209,10,21,0.62918663,0.200000003,0.909090936,190,2
41,0.515748,5.449329376,478,30,250,0.5472106,0.56666666,0.5125523,245,17,0.876712322,5.276463032,209,10,21,0.630622029,0.200000003,0.909090936,190,2
42,0.5177165,5.406851292,478,30,253,0.61018133,0.6333333,0.51046026,244,19,0.876712322,5.247404099,209,10,21,0.630143523,0.200000003,0.909090936,190,2
43,0.51968503,5.43878603,478,30,246,0.48790097,0.53333336,0.51882845,248,16,0.881278515,5.218514919,209,10,20,0.62918663,0.200000003,0.91387558,191,2
44,0.4940945,5.408994198,478,30,253,0.46032077,0.43333334,0.49790794,238,13,0.87214613,5.189808846,209,10,22,0.622966528,0.200000003,0.904306233,189,2
45,0.492126,5.340687752,478,30,260,0.5616109,0.53333336,0.48953974,234,16,0.87214613,5.161356449,209,10,22,0.616746426,0.200000003,0.904306233,189,2
46,0.52952754,5.330271721,478,30,241,0.548152,0.53333336,0.5292887,253,16,0.87214613,5.133104801,209,10,22,0.608133972,0.200000003,0.904306233,189,2
47,0.54527557,5.290089607,478,30,233,0.56722456,0.53333336,0.5460251,261,16,0.87214613,5.105008125,209,10,22,0.600000024,0.200000003,0.904306233,189,2
48,0.5,5.209839344,478,30,254,0.544212,0.5,0.5,239,15,0.87214613,5.077027798,209,10,22,0.59138757,0.200000003,0.904306233,189,2
49,0.5019685,5.227838993,478,30,249,0.5411088,0.43333334,0.50627613,242,13,0.87214613,5.049291611,209,10,22,0.57703352,0.200000003,0.904306233,189,2
50,0.52755904,5.201124191,478,30,240,0.52635986,0.5,0.5292887,253,15,0.87214613,5.021758556,209,10,22,0.559808612,0.200000003,0.904306233,189,2
51,0.49015749,5.139864922,478,30,269,0.59309626,0.6666667,0.47907948,229,20,0.87214613,4.994367123,209,10,22,0.541626811,0.200000003,0.904306233,189,2
52,0.53937006,5.154075623,478,30,242,0.55383545,0.6333333,0.5334728,255,19,0.867579937,4.967195988,209,10,23,0.521052659,0.200000003,0.89952153,188,2
53,0.48228347,5.142539501,478,30,259,0.49797767,0.43333334,0.48535565,232,13,0.881278515,4.94013834,209,10,20,0.50526315,0.200000003,0.91387558,191,2
54,0.47637796,5.125918865,478,30,266,0.43870294,0.5,0.4748954,227,15,0.881278515,4.913245678,209,10,20,0.484688997,0.200000003,0.91387558,191,2
55,0.48031497,5.029486179,478,30,280,0.65390515,0.76666665,0.4623431,221,23,0.876712322,4.886460304,209,10,21,0.474162668,0.200000003,0.909090936,190,2
56,0.4625984,5.026587486,478,30,275,0.52545327,0.53333336,0.458159,219,16,0.863013685,4.85988903,209,10,24,0.461244017,0.200000003,0.894736826,187,2
57,0.48031497,4.963247776,478,30,272,0.57935846,0.6333333,0.4707113,225,19,0.867579937,4.833461761,209,10,23,0.454066992,0.200000003,0.89952153,188,2
58,0.47440946,5.005548,478,30,269,0.5237099,0.53333336,0.4707113,225,16,0.858447492,4.807178497,209,10,25,0.450239241,0.200000003,0.889952183,186,2
59,0.4488189,4.949007988,478,30,288,0.5539052,0.6333333,0.43723848,209,19,0.858447492,4.781032085,209,10,25,0.447966516,0.200000003,0.889952183,186,2
60,0.4448819,4.855096817,478,30,302,0.6856346,0.8333333,0.4205021,201,25,0.858447492,4.755050659,209,10,25,0.437799037,0.200000003,0.889952183,186,2
61,0.47244096,4.90917778,478,30,276,0.5519526,0.6333333,0.4623431,221,19,0.858447492,4.729257584,209,10,25,0.435406685,0.200000003,0.889952183,186,2
62,0.4448819,4.908768654,478,30,284,0.49923292,0.53333336,0.43933055,210,16,0.858447492,4.703573704,209,10,25,0.430143535,0.200000003,0.889952183,186,2
63,0.4488189,4.858849525,478,30,282,0.5282427,0.53333336,0.44351465,212,16,0.858447492,4.67797184,209,10,25,0.431578934,0.200000003,0.889952183,186,2
64,0.41141734,4.836671829,478,30,301,0.51080894,0.53333336,0.40376568,193,16,0.858447492,4.65250206,209,10,25,0.431100488,0.200000003,0.889952183,186,2
65,0.41141734,4.786473274,478,30,307,0.55627614,0.6333333,0.39748955,190,19,0.853881299,4.627200603,209,10,26,0.427272737,0.200000003,0.88516748,185,2
66,0.3996063,4.754558563,478,30,311,0.53040445,0.6,0.3870293,185,18,0.849315047,4.60200882,209,10,27,0.43349281,0.200000003,0.880382776,184,2
67,0.36417323,4.766717434,478,30,331,0.5203626,0.6333333,0.34728032,166,19,0.844748855,4.576983452,209,10,28,0.432535887,0.200000003,0.875598073,183,2
68,0.4035433,4.739277363,478,30,311,0.52796376,0.6333333,0.38912135,186,19,0.83561641,4.552127838,209,10,30,0.432535887,0.200000003,0.866028726,181,2
69,0.37401575,4.702858925,478,30,326,0.514993,0.6333333,0.35774058,171,19,0.803652942,4.527462482,209,10,37,0.430143535,0.200000003,0.832535863,174,2
70,0.38385826,4.709534645,478,30,329,0.5819386,0.76666665,0.35983264,172,23,0.780821919,4.502955914,209,10,44,0.426315784,0.300000012,0.803827763,168,3
71,0.38779527,4.661054134,478,30,325,0.5446653,0.73333335,0.36610878,175,22,0.739726007,4.478642941,209,10,53,0.416746408,0.300000012,0.760765553,159,3
72,0.36811024,4.635786057,478,30,337,0.55167365,0.76666665,0.34309623,164,23,0.703196347,4.454482555,209,10,61,0.412918657,0.300000012,0.722488046,151,3
73,0.32677165,4.63553524,478,30,356,0.5100767,0.73333335,0.30125523,144,22,0.698630154,4.430478573,209,10,62,0.409090906,0.300000012,0.717703342,150,3
74,0.3051181,4.55414629,478,30,371,0.5945607,0.8,0.27405858,131,24,0.616438329,4.406685352,209,10,80,0.405741632,0.300000012,0.631578922,132,3
75,0.2874016,4.558543205,478,30,378,0.52869594,0.76666665,0.25732216,123,23,0.575342476,4.383034706,209,10,89,0.404306233,0.300000012,0.588516772,123,3
76,0.27952754,4.496514797,478,30,382,0.5352859,0.76666665,0.24895397,119,23,0.547945201,4.359587669,209,10,95,0.394736856,0.300000012,0.559808612,117,3
77,0.2992126,4.456936359,478,30,380,0.6641562,0.9,0.2615063,125,27,0.502283096,4.336362839,209,10,105,0.38899523,0.300000012,0.511961699,107,3
78,0.28346458,4.530095577,478,30,382,0.553696,0.8,0.25104603,120,24,0.452054799,4.313213348,209,10,116,0.384689003,0.300000012,0.459330142,96,3
79,0.2972441,4.449228764,478,30,371,0.5512901,0.73333335,0.26987448,129,22,0.429223746,4.290178776,209,10,121,0.38516745,0.300000012,0.435406685,91,3
80,0.25984251,4.410587311,478,30,396,0.5693863,0.8333333,0.22384937,107,25,0.410958916,4.267271996,209,10,125,0.3799043,0.300000012,0.416267931,87,3
81,0.26377952,4.408869267,478,30,396,0.57744074,0.8666667,0.22594142,108,26,0.410958916,4.244504452,209,10,125,0.37464115,0.300000012,0.416267931,87,3
82,0.25984251,4.371799469,478,30,400,0.64191073,0.9,0.21966527,105,27,0.420091331,4.221841812,209,10,123,0.372727275,0.300000012,0.425837308,89,3
83,0.28543308,4.387986183,478,30,389,0.5550209,0.93333334,0.24476987,117,28,0.397260278,4.199298859,209,10,128,0.369378,0.300000012,0.401913881,84,3
84,0.25,4.35210228,478,30,399,0.5078626,0.8,0.21548118,103,24,0.406392694,4.176891804,209,10,126,0.367942572,0.300000012,0.411483258,86,3
85,0.2559055,4.310960293,478,30,398,0.6099024,0.8333333,0.21966527,105,25,0.401826471,4.154585361,209,10,127,0.364593297,0.300000012,0.406698555,85,3
86,0.26574802,4.330731392,478,30,389,0.46990934,0.76666665,0.23430963,112,23,0.392694056,4.132351875,209,10,129,0.365071774,0.300000012,0.397129178,83,3
87,0.26574802,4.320661068,478,30,387,0.5297769,0.73333335,0.23640168,113,22,0.401826471,4.11015749,209,10,127,0.363636374,0.300000012,0.406698555,85,3
88,0.23425196,4.233576775,478,30,409,0.616841,0.8333333,0.19665273,94,25,0.406392694,4.088134289,209,10,126,0.364114821,0.300000012,0.411483258,86,3
89,0.22440945,4.242979527,478,30,406,0.48748258,0.7,0.19456068,93,21,0.374429226,4.066280365,209,10,133,0.366507173,0.300000012,0.377990425,79,3
90,0.2519685,4.166872978,478,30,404,0.6472106,0.9,0.21129707,101,27,0.365296811,4.044620991,209,10,135,0.368899524,0.300000012,0.368421048,77,3
91,0.24015749,4.170467377,478,30,398,0.5037657,0.7,0.21129707,101,21,0.378995448,4.023039341,209,10,132,0.371770322,0.300000012,0.382775128,80,3
92,0.22637795,4.151046276,478,30,413,0.59693164,0.8333333,0.18828452,90,25,0.369863003,4.001598358,209,10,134,0.373684198,0.300000012,0.373205751,78,3
93,0.24409449,4.133656979,478,30,408,0.5730474,0.9,0.20292887,97,27,0.369863003,3.980296373,209,10,134,0.377511948,0.300000012,0.373205751,78,3
94,0.19488189,4.156662464,478,30,427,0.47859135,0.8,0.15690376,75,24,0.397260278,3.959079742,209,10,128,0.378468901,0.300000012,0.401913881,84,3
95,0.26574802,4.097002983,478,30,393,0.59048116,0.8333333,0.23012552,110,25,0.429223746,3.937958241,209,10,121,0.379425824,0.300000012,0.435406685,91,3
96,0.2893701,4.035648823,478,30,381,0.61087865,0.8333333,0.25523013,122,25,0.470319629,3.917067766,209,10,112,0.376555026,0.300000012,0.478468895,100,3
97,0.27952754,3.999590158,478,30,388,0.632113,0.8666667,0.24267782,116,26,0.529680371,3.896309853,209,10,99,0.377033502,0.300000012,0.540669858,113,3
98,0.27362204,4.02564621,478,30,385,0.55177826,0.76666665,0.24267782,116,23,0.634703219,3.875694036,209,10,76,0.377511948,0.300000012,0.650717676,136,3
99,0.23228346,3.986564636,478,30,412,0.6468619,0.8666667,0.19246861,92,26,0.730593622,3.855232239,209,10,55,0.378110051,0.300000012,0.751196146,157,3
100,0.2933071,3.987008333,478,30,381,0.61910737,0.8666667,0.25732216,123,26,0.79908675,3.834895134,209,10,38,0.378947377,0.200000003,0.827751219,173,2
101,0.26771653,3.981343746,478,30,392,0.527371,0.8333333,0.23221758,111,25,0.831050217,3.814746857,209,10,31,0.378947377,0.200000003,0.861244023,180,2
102,0.3031496,3.906702042,478,30,374,0.652371,0.8333333,0.26987448,129,25,0.863013685,3.794751167,209,10,24,0.377511948,0.200000003,0.894736826,187,2
103,0.3051181,3.927800894,478,30,361,0.5398187,0.6333333,0.28451884,136,19,0.885844767,3.774908066,209,10,19,0.374162674,0.200000003,0.918660283,192,2
104,0.3011811,3.90534091,478,30,371,0.52684796,0.76666665,0.27196652,130,23,0.89041096,3.75518918,209,10,18,0.372727275,0.200000003,0.923444986,193,2
105,0.36220473,3.902868032,478,30,342,0.6087866,0.8,0.33472803,160,24,0.89041096,3.735565424,209,10,18,0.383253574,0.200000003,0.923444986,193,2
106,0.37598425,3.849455118,478,30,337,0.67426777,0.8333333,0.34728032,166,25,0.894977152,3.716095924,209,10,17,0.392822981,0.200000003,0.92822969,194,2
107,0.35236222,3.804498434,478,30,347,0.6556485,0.8,0.32426777,155,24,0.894977152,3.696786642,209,10,17,0.398564607,0.200000003,0.92822969,194,2
108,0.43110237,3.824907064,478,30,307,0.62587166,0.8,0.4079498,195,24,0.899543405,3.677597761,209,10,16,0.405741632,0.200000003,0.933014333,195,2
109,0.35826772,3.780109406,478,30,336,0.5737099,0.6666667,0.33891213,162,20,0.904109597,3.658553362,209,10,15,0.415311009,0.200000003,0.937799037,196,2
110,0.36220473,3.818248034,478,30,336,0.57322174,0.7,0.3410042,163,21,0.904109597,3.639626265,209,10,15,0.421052635,0.200000003,0.937799037,196,2
111,0.36811024,3.75008297,478,30,349,0.68525106,0.96666664,0.33054394,158,29,0.904109597,3.620837212,209,10,15,0.430143535,0.200000003,0.937799037,196,2
112,0.35433072,3.75143528,478,30,334,0.5254184,0.6,0.33891213,162,18,0.904109597,3.60217905,209,10,15,0.436842114,0.200000003,0.937799037,196,2
113,0.39173228,3.725065947,478,30,333,0.6711297,0.9,0.35983264,172,27,0.904109597,3.583693266,209,10,15,0.44641149,0.200000003,0.937799037,196,2
114,0.4035433,3.719822407,478,30,317,0.5914226,0.73333335,0.3828452,183,22,0.904109597,3.565331221,209,10,15,0.455023915,0.200000003,0.937799037,196,2
115,0.37401575,3.669870377,478,30,330,0.61645746,0.7,0.35355648,169,21,0.899543405,3.54709506,209,10,16,0.464114845,0.200000003,0.933014333,195,2
116,0.39763778,3.679006338,478,30,326,0.62998605,0.8333333,0.37029287,177,25,0.899543405,3.528998137,209,10,16,0.477033496,0.200000003,0.933014333,195,2
117,0.38582677,3.65427947,478,30,326,0.64769876,0.73333335,0.36401674,174,22,0.899543405,3.51104641,209,10,16,0.484210521,0.200000003,0.933014333,195,2
118,0.37598425,3.617266655,478,30,335,0.6859135,0.8,0.3493724,167,24,0.899543405,3.493202209,209,10,16,0.492344499,0.200000003,0.933014333,195,2
119,0.41732284,3.629109383,478,30,312,0.6430962,0.76666665,0.39539748,189,23,0.894977152,3.475517035,209,10,17,0.495215297,0.200000003,0.92822969,194,2
120,0.35826772,3.617526054,478,30,338,0.5714086,0.7,0.3368201,161,21,0.89041096,3.457941294,209,10,18,0.497129172,0.200000003,0.923444986,193,2
121,0.4055118,3.614113092,478,30,308,0.55725247,0.6,0.39330545,188,18,0.89041096,3.440515995,209,10,18,0.503827751,0.200000003,0.923444986,193,2
122,0.3996063,3.559692383,478,30,327,0.68277544,0.8666667,0.37029287,177,26,0.89041096,3.423187017,209,10,18,0.516267955,0.200000003,0.923444986,193,2
123,0.40748033,3.573406696,478,30,317,0.58525103,0.76666665,0.38493723,184,23,0.881278515,3.406008244,209,10,20,0.527751207,0.200000003,0.91387558,191,2
124,0.41338584,3.547909737,478,30,316,0.6601813,0.8,0.38912135,186,24,0.881278515,3.38892293,209,10,20,0.533492804,0.200000003,0.91387558,191,2
125,0.41732284,3.51223588,478,30,306,0.58096236,0.6666667,0.40167364,192,20,0.881278515,3.371950626,209,10,20,0.535406709,0.200000003,0.91387558,191,2
126,0.41732284,3.502644062,478,30,316,0.6874477,0.8333333,0.3912134,187,25,0.876712322,3.35510993,209,10,21,0.53779906,0.200000003,0.909090936,190,2
127,0.40748033,3.489839554,478,30,315,0.5862971,0.73333335,0.3870293,185,22,0.876712322,3.338355064,209,10,21,0.54306221,0.200000003,0.909090936,190,2
128,0.4015748,3.464834929,478,30,322,0.6436541,0.8,0.37656903,180,24,0.87214613,3.321706295,209,10,22,0.557894766,0.200000003,0.904306233,189,2
129,0.37992126,3.445128679,478,30,331,0.6103208,0.76666665,0.35564855,170,23,0.87214613,3.305218935,209,10,22,0.565071762,0.200000003,0.904306233,189,2
130,0.36023623,3.448194265,478,30,331,0.51757324,0.6,0.3451883,165,18,0.867579937,3.288850307,209,10,23,0.576076567,0.200000003,0.89952153,188,2
131,0.39566928,3.428647518,478,30,313,0.5517434,0.6,0.3828452,183,18,0.867579937,3.27256608,209,10,23,0.581339717,0.200000003,0.89952153,188,2
132,0.37992126,3.39259243,478,30,331,0.623954,0.76666665,0.35564855,170,23,0.867579937,3.256377459,209,10,23,0.589952171,0.200000003,0.89952153,188,2
133,0.37992126,3.398720264,478,30,327,0.58922595,0.7,0.35983264,172,21,0.867579937,3.240347624,209,10,23,0.59138757,0.200000003,0.89952153,188,2
134,0.38385826,3.377290487,478,30,323,0.529986,0.6666667,0.36610878,175,20,0.863013685,3.224454403,209,10,24,0.589473665,0.200000003,0.894736826,187,2
135,0.35629922,3.380125999,478,30,339,0.5428173,0.7,0.33472803,160,21,0.863013685,3.208639622,209,10,24,0.587559819,0.200000003,0.894736826,187,2
136,0.38385826,3.335957527,478,30,331,0.64658296,0.8,0.35774058,171,24,0.853881299,3.192981482,209,10,26,0.58612442,0.200000003,0.88516748,185,2
137,0.38582677,3.31280303,478,30,318,0.5491283,0.6,0.37238494,178,18,0.849315047,3.17747736,209,10,27,0.579904318,0.200000003,0.880382776,184,2
138,0.4055118,3.290052414,478,30,320,0.6542887,0.8,0.38075313,182,24,0.853881299,3.162058115,209,10,28,0.577990413,0.300000012,0.880382776,184,3
139,0.38976377,3.316298246,478,30,326,0.5953975,0.76666665,0.36610878,175,23,0.844748855,3.146757603,209,10,30,0.576076567,0.300000012,0.87081337,182,3
140,0.35433072,3.295764208,478,30,336,0.5347629,0.6333333,0.3368201,161,19,0.849315047,3.131517649,209,10,33,0.576555014,0.5,0.866028726,181,5
141,0.3503937,3.246935844,478,30,350,0.63664573,0.8333333,0.32008368,153,25,0.840182662,3.116312981,209,10,35,0.579904318,0.5,0.85645932,179,5
142,0.38582677,3.259037733,478,30,334,0.64051604,0.8666667,0.35564855,170,26,0.826484025,3.101236582,209,10,38,0.578947365,0.5,0.842105269,176,5
143,0.36811024,3.242111444,478,30,337,0.5804742,0.76666665,0.34309623,164,23,0.812785387,3.086246014,209,10,41,0.575598061,0.5,0.827751219,173,5
144,0.39566928,3.212237835,478,30,325,0.6179916,0.8,0.37029287,177,24,0.812785387,3.071369886,209,10,41,0.575598061,0.5,0.827751219,173,5
145,0.37795275,3.19636488,478,30,336,0.6395049,0.8333333,0.3493724,167,25,0.812785387,3.056604147,209,10,41,0.576076567,0.5,0.827751219,173,5
146,0.33464566,3.206231594,478,30,350,0.5293236,0.7,0.31171548,149,21,0.808219194,3.041958809,209,10,42,0.584210515,0.5,0.822966516,172,5
147,0.36614174,3.173976898,478,30,344,0.6482566,0.8666667,0.33472803,160,26,0.803652942,3.027406216,209,10,43,0.589952171,0.5,0.818181813,171,5
148,0.38582677,3.138315678,478,30,328,0.62953275,0.76666665,0.36192468,173,23,0.812785387,3.012931347,209,10,41,0.599043071,0.5,0.827751219,173,5
149,0.39566928,3.146728992,478,30,325,0.63800555,0.8,0.37029287,177,24,0.821917832,2.998585939,209,10,39,0.605263174,0.5,0.837320566,175,5
150,0.37992126,3.134984016,478,30,335,0.638424,0.8333333,0.35146442,168,25,0.826484025,2.984375477,209,10,38,0.609210551,0.5,0.842105269,176,5
151,0.3996063,3.136126995,478,30,319,0.57078105,0.73333335,0.3786611,181,22,0.826484025,2.970293999,209,10,38,0.610047817,0.5,0.842105269,176,5
152,0.38779527,3.101545334,478,30,331,0.65390515,0.8333333,0.35983264,172,25,0.826484025,2.956330776,209,10,38,0.606698573,0.5,0.842105269,176,5
153,0.43307087,3.072572708,478,30,310,0.6689679,0.8666667,0.40585774,194,26,0.831050217,2.942382813,209,10,37,0.610526323,0.5,0.846889973,177,5
154,0.37204725,3.075610161,478,30,335,0.5944561,0.76666665,0.34728032,166,23,0.826484025,2.928595066,209,10,38,0.609569371,0.5,0.842105269,176,5
155,0.4055118,3.045246124,478,30,320,0.6601813,0.8,0.38075313,182,24,0.81735158,2.914881229,209,10,40,0.609090924,0.5,0.832535863,174,5
156,0.36417323,3.070478678,478,30,341,0.5800558,0.8,0.3368201,161,24,0.808219194,2.901222944,209,10,42,0.635406673,0.5,0.822966516,172,5
157,0.37401575,3.066877127,478,30,330,0.5269177,0.7,0.35355648,169,21,0.808219194,2.887640476,209,10,42,0.656459332,0.5,0.822966516,172,5
158,0.4015748,2.999185324,478,30,324,0.6714784,0.8333333,0.374477,179,25,0.79908675,2.874144793,209,10,44,0.691387534,0.5,0.808612466,169,5
159,0.37401575,2.967109203,478,30,332,0.63751745,0.73333335,0.35146442,168,22,0.785388112,2.86073184,209,10,47,0.709090889,0.5,0.799043059,167,5
160,0.38582677,2.982609272,478,30,326,0.663947,0.73333335,0.36401674,174,22,0.785388112,2.847343922,209,10,47,0.722966492,0.5,0.799043059,167,5
161,0.41141734,2.955862522,478,30,309,0.5711994,0.6666667,0.39539748,189,20,0.780821919,2.834062338,209,10,50,0.748325348,0.600000024,0.789473712,165,6
162,0.39173228,2.971780062,478,30,325,0.6091004,0.76666665,0.36820084,176,23,0.780821919,2.820981264,209,10,50,0.748325348,0.600000024,0.789473712,165,6
163,0.4625984,2.937406778,478,30,293,0.7206067,0.8333333,0.43933055,210,25,0.780821919,2.807984829,209,10,50,0.749760747,0.600000024,0.789473712,165,6
164,0.42322835,2.945018768,478,30,311,0.61593443,0.8,0.39958158,191,24,0.780821919,2.795052767,209,10,50,0.7507177,0.600000024,0.789473712,165,6
165,0.42125985,2.909650564,478,30,314,0.6626918,0.8333333,0.39539748,189,25,0.780821919,2.782244921,209,10,50,0.749760747,0.600000024,0.789473712,165,6
166,0.4055118,2.906466961,478,30,318,0.6153417,0.76666665,0.3828452,183,23,0.776255727,2.769517183,209,10,51,0.744019151,0.600000024,0.784689009,164,6
167,0.4507874,2.904136896,478,30,297,0.64965135,0.8,0.4288703,205,24,0.771689475,2.756897449,209,10,52,0.760287106,0.600000024,0.779904306,163,6
168,0.44094488,2.878322124,478,30,298,0.62920153,0.73333335,0.42259413,202,22,0.771689475,2.744480848,209,10,52,0.758851647,0.600000024,0.779904306,163,6
169,0.44291338,2.844158888,478,30,303,0.72364014,0.8333333,0.41841003,200,25,0.771689475,2.73216486,209,10,52,0.758373201,0.600000024,0.779904306,163,6
170,0.42322835,2.864108324,478,30,315,0.65456766,0.8666667,0.39539748,189,26,0.771689475,2.719960451,209,10,52,0.758373201,0.600000024,0.779904306,163,6
171,0.4547244,2.823257208,478,30,289,0.63974893,0.7,0.43933055,210,21,0.771689475,2.707879066,209,10,52,0.760765553,0.600000024,0.779904306,163,6
172,0.46653542,2.828964233,478,30,285,0.6547769,0.73333335,0.4497908,215,22,0.771689475,2.695881128,209,10,52,0.760765553,0.600000024,0.779904306,163,6
173,0.44094488,2.798984528,478,30,296,0.64082986,0.7,0.4246862,203,21,0.771689475,2.683949232,209,10,52,0.760765553,0.600000024,0.779904306,163,6
174,0.4488189,2.79268074,478,30,296,0.66178524,0.76666665,0.4288703,205,23,0.771689475,2.672114372,209,10,54,0.7598086,0.699999988,0.775119603,162,7
175,0.4547244,2.766488314,478,30,293,0.7167015,0.76666665,0.43514645,208,23,0.767123282,2.660382271,209,10,55,0.759330153,0.699999988,0.770334899,161,7
176,0.43503937,2.790459633,478,30,307,0.6780335,0.8333333,0.41004184,196,25,0.767123282,2.648703575,209,10,55,0.7598086,0.699999988,0.770334899,161,7
177,0.4586614,2.783869028,478,30,289,0.6293933,0.73333335,0.44142258,211,22,0.767123282,2.637102365,209,10,55,0.7598086,0.699999988,0.770334899,161,7
178,0.48228347,2.734329939,478,30,283,0.72304744,0.8333333,0.46025103,220,25,0.762557089,2.625592947,209,10,56,0.758373201,0.699999988,0.765550256,160,7
179,0.47637796,2.733536243,478,30,278,0.6592225,0.7,0.4623431,221,21,0.762557089,2.614194155,209,10,56,0.758373201,0.699999988,0.765550256,160,7
180,0.42519686,2.719834328,478,30,306,0.6445607,0.73333335,0.40585774,194,22,0.753424644,2.602880955,209,10,58,0.758373201,0.699999988,0.755980849,158,7
181,0.4566929,2.723766804,478,30,292,0.6576011,0.76666665,0.43723848,209,23,0.744292259,2.591637135,209,10,60,0.759330153,0.699999988,0.746411502,156,7
182,0.46850392,2.702455997,478,30,280,0.6477685,0.6666667,0.45606694,218,20,0.726027369,2.580432653,209,10,64,0.758851647,0.699999988,0.727272749,152,7
183,0.47637796,2.706511497,478,30,280,0.6551255,0.73333335,0.46025103,220,22,0.721461177,2.569284439,209,10,65,0.758373201,0.699999988,0.722488046,151,7
184,0.44291338,2.685999393,478,30,309,0.7121339,0.93333334,0.4121339,197,28,0.716894984,2.558242321,209,10,66,0.742105246,0.699999988,0.717703342,150,7
185,0.4625984,2.69397521,478,30,281,0.60659,0.6333333,0.45188284,216,19,0.707762539,2.547292471,209,10,68,0.73983252,0.699999988,0.708133996,148,7
186,0.4586614,2.657707453,478,30,297,0.7311367,0.8666667,0.4330544,207,26,0.707762539,2.536394596,209,10,68,0.738277495,0.699999988,0.708133996,148,7
187,0.47047246,2.654679775,478,30,281,0.6719317,0.7,0.45606694,218,21,0.694063902,2.525568008,209,10,71,0.738756001,0.699999988,0.693779886,145,7
188,0.41338584,2.668721199,478,30,316,0.6570432,0.8,0.38912135,186,24,0.684931517,2.51484251,209,10,73,0.737320602,0.699999988,0.684210539,143,7
189,0.41732284,2.636425734,478,30,298,0.5046548,0.53333336,0.41004184,196,16,0.680365324,2.504180431,209,10,74,0.737799048,0.699999988,0.679425836,142,7
190,0.4606299,2.628311157,478,30,290,0.6623082,0.76666665,0.44142258,211,23,0.671232879,2.493623018,209,10,76,0.737799048,0.699999988,0.669856489,140,7
191,0.43700787,2.602512121,478,30,308,0.7025105,0.8666667,0.41004184,196,26,0.662100434,2.483114719,209,10,78,0.737799048,0.699999988,0.660287082,138,7
192,0.44291338,2.576275826,478,30,301,0.6893654,0.8,0.4205021,201,24,0.657534242,2.47266984,209,10,81,0.7401914,0.800000012,0.650717676,136,8
193,0.44094488,2.6112535,478,30,308,0.6836123,0.9,0.4121339,197,27,0.657534242,2.462363005,209,10,81,0.742105246,0.800000012,0.650717676,136,8
194,0.4055118,2.587614298,478,30,314,0.591318,0.7,0.3870293,185,21,0.643835604,2.45217514,209,10,84,0.740669847,0.800000012,0.636363626,133,8
195,0.4547244,2.581170082,478,30,291,0.6444212,0.73333335,0.43723848,209,22,0.639269412,2.442083597,209,10,85,0.740669847,0.800000012,0.631578922,132,8
196,0.42913386,2.553699732,478,30,306,0.6819038,0.76666665,0.4079498,195,23,0.630136967,2.432057858,209,10,87,0.744497597,0.800000012,0.622009575,130,8
197,0.4625984,2.566980362,478,30,285,0.6173291,0.7,0.44769874,214,21,0.630136967,2.422108412,209,10,87,0.746889949,0.800000012,0.622009575,130,8
198,0.4055118,2.585932732,478,30,314,0.5368549,0.7,0.3870293,185,21,0.616438329,2.41225481,209,10,90,0.748325348,0.800000012,0.607655525,127,8
199,0.4488189,2.549436331,478,30,298,0.6656206,0.8,0.42677826,204,24,0.616438329,2.402429581,209,10,90,0.749760747,0.800000012,0.607655525,127,8
200,0.41141734,2.575458527,478,30,313,0.5348675,0.73333335,0.3912134,187,22,0.602739751,2.392741203,209,10,93,0.749760747,0.800000012,0.593301415,124,8
201,0.38188976,2.526693583,478,30,328,0.58260113,0.73333335,0.35983264,172,22,0.602739751,2.383159876,209,10,93,0.750239253,0.800000012,0.593301415,124,8
202,0.3996063,2.502930641,478,30,323,0.67004883,0.8,0.374477,179,24,0.598173499,2.373629332,209,10,96,0.7507177,0.899999976,0.583732069,122,9
203,0.4015748,2.491109371,478,30,322,0.65869945,0.8,0.37656903,180,24,0.589041114,2.364144802,209,10,98,0.750239253,0.899999976,0.574162662,120,9
204,0.37598425,2.501411438,478,30,339,0.66227335,0.8666667,0.3451883,165,26,0.579908669,2.354703665,209,10,100,0.7492823,0.899999976,0.564593315,118,9
205,0.38779527,2.487058878,478,30,331,0.6496862,0.8333333,0.35983264,172,25,0.575342476,2.345345974,209,10,101,0.749760747,0.899999976,0.559808612,117,9
206,0.39370078,2.482051373,478,30,330,0.6874477,0.8666667,0.36401674,174,26,0.570776284,2.336093664,209,10,102,0.751196146,0.899999976,0.555023909,116,9
207,0.40944883,2.453133821,478,30,324,0.73254883,0.9,0.3786611,181,27,0.575342476,2.326882839,209,10,101,0.751674652,0.899999976,0.559808612,117,9
208,0.39370078,2.455703497,478,30,324,0.64051604,0.76666665,0.37029287,177,23,0.579908669,2.317744732,209,10,100,0.752153099,0.899999976,0.564593315,118,9
209,0.38188976,2.414651871,478,30,334,0.6872734,0.8333333,0.35355648,169,25,0.579908669,2.308675766,209,10,100,0.751196146,0.899999976,0.564593315,118,9
210,0.38582677,2.434560537,478,30,328,0.62813807,0.76666665,0.36192468,173,23,0.579908669,2.299630165,209,10,100,0.753588498,0.899999976,0.564593315,118,9
211,0.35629922,2.390257359,478,30,345,0.7240237,0.8,0.32845187,157,24,0.575342476,2.290659904,209,10,101,0.75454545,0.899999976,0.559808612,117,9
212,0.42716536,2.417989254,478,30,299,0.6157252,0.6333333,0.41422594,198,19,0.584474862,2.281777859,209,10,99,0.755023897,0.899999976,0.569378018,119,9
213,0.41732284,2.391762733,478,30,318,0.7117852,0.8666667,0.38912135,186,26,0.598173499,2.272946358,209,10,96,0.75454545,0.899999976,0.583732069,122,9
214,0.4055118,2.373597383,478,30,326,0.7509414,0.9,0.374477,179,27,0.598173499,2.264135122,209,10,96,0.75454545,0.899999976,0.583732069,122,9
215,0.41141734,2.409174681,478,30,311,0.6131799,0.7,0.39330545,188,21,0.598173499,2.255391598,209,10,96,0.761124372,0.899999976,0.583732069,122,9
216,0.41141734,2.379225492,478,30,317,0.6972106,0.8,0.3870293,185,24,0.602739751,2.246754646,209,10,95,0.764593303,0.899999976,0.588516772,123,9
217,0.4625984,2.341049671,478,30,291,0.72880054,0.8,0.44142258,211,24,0.607305944,2.238170147,209,10,94,0.764593303,0.899999976,0.593301415,124,9
218,0.4586614,2.327940464,478,30,295,0.7123082,0.8333333,0.43514645,208,25,0.611872137,2.229687929,209,10,93,0.766985655,0.899999976,0.598086119,125,9
219,0.4980315,2.34128952,478,30,271,0.66258717,0.76666665,0.48117155,230,23,0.621004581,2.221310377,209,10,89,0.7688995,0.800000012,0.612440169,128,8
220,0.496063,2.338445663,478,30,278,0.73633194,0.8666667,0.47280335,226,26,0.625570774,2.212962389,209,10,88,0.7688995,0.800000012,0.617224872,129,8
221,0.47834647,2.310094357,478,30,285,0.71182007,0.8333333,0.45606694,218,25,0.625570774,2.20471859,209,10,88,0.768421054,0.800000012,0.617224872,129,8
222,0.53149605,2.313525438,478,30,254,0.70313805,0.76666665,0.5167364,247,23,0.625570774,2.196558952,209,10,88,0.7688995,0.800000012,0.617224872,129,8
223,0.492126,2.301262379,478,30,272,0.6626918,0.73333335,0.47698745,228,22,0.630136967,2.188370705,209,10,87,0.7688995,0.800000012,0.622009575,130,8
224,0.47637796,2.305823803,478,30,276,0.66032076,0.6666667,0.46443516,222,20,0.634703219,2.180250406,209,10,86,0.769378006,0.800000012,0.626794279,131,8
225,0.48228347,2.258706093,478,30,279,0.7099721,0.76666665,0.46443516,222,23,0.643835604,2.172201395,209,10,84,0.770334899,0.800000012,0.636363626,133,8
226,0.5570866,2.290195942,478,30,241,0.7176081,0.76666665,0.54393303,260,23,0.648401797,2.164224863,209,10,83,0.769856453,0.800000012,0.641148329,134,8
227,0.52559054,2.2785151,478,30,253,0.69853556,0.7,0.5146443,246,21,0.652968049,2.156253815,209,10,82,0.770813406,0.800000012,0.645933032,135,8
228,0.4980315,2.295912743,478,30,261,0.605788,0.6,0.4916318,235,18,0.657534242,2.148389101,209,10,81,0.771770358,0.800000012,0.650717676,136,8
229,0.56692916,2.279197693,478,30,228,0.66499305,0.6333333,0.5627615,269,19,0.657534242,2.140613556,209,10,81,0.770813406,0.800000012,0.650717676,136,8
230,0.53149605,2.252308369,478,30,250,0.669735,0.7,0.5209205,249,21,0.666666687,2.132923841,209,10,79,0.770813406,0.800000012,0.660287082,138,8
231,0.52952754,2.272936583,478,30,243,0.5748605,0.56666666,0.52719665,252,17,0.671232879,2.125344753,209,10,78,0.772248805,0.800000012,0.665071785,139,8
232,0.5531496,2.273430824,478,30,227,0.5726988,0.5,0.55648535,266,15,0.671232879,2.117794275,209,10,78,0.772248805,0.800000012,0.665071785,139,8
233,0.5531496,2.245201111,478,30,241,0.7188982,0.73333335,0.54184103,259,22,0.671232879,2.110293388,209,10,78,0.772248805,0.800000012,0.665071785,139,8
234,0.5531496,2.23625493,478,30,235,0.61750346,0.6333333,0.54811716,262,19,0.671232879,2.102811098,209,10,78,0.772248805,0.800000012,0.665071785,139,8
235,0.5787402,2.220215559,478,30,236,0.74755925,0.8666667,0.5606695,268,26,0.675799072,2.095386744,209,10,79,0.772248805,0.899999976,0.665071785,139,9
236,0.5866142,2.208301306,478,30,230,0.74790794,0.8333333,0.5711297,273,25,0.675799072,2.088038683,209,10,79,0.771770358,0.899999976,0.665071785,139,9
237,0.5728347,2.213264227,478,30,225,0.63974893,0.6333333,0.5690377,272,19,0.675799072,2.08080101,209,10,79,0.771770358,0.899999976,0.665071785,139,9
238,0.5748032,2.204640627,478,30,224,0.6679219,0.6333333,0.5711297,273,19,0.671232879,2.073621511,209,10,80,0.771770358,0.899999976,0.660287082,138,9
239,0.5728347,2.174704075,478,30,239,0.7591353,0.8666667,0.5543933,265,26,0.671232879,2.066448927,209,10,80,0.771291852,0.899999976,0.660287082,138,9
240,0.5767717,2.197503328,478,30,225,0.6536611,0.6666667,0.5711297,273,20,0.671232879,2.059345722,209,10,80,0.771770358,0.899999976,0.660287082,138,9
241,0.5748032,2.176832199,478,30,226,0.66419107,0.6666667,0.5690377,272,20,0.666666687,2.052278042,209,10,81,0.771291852,0.899999976,0.655502379,137,9
242,0.56889766,2.15256238,478,30,221,0.6472106,0.53333336,0.5711297,273,16,0.666666687,2.045211554,209,10,81,0.771770358,0.899999976,0.655502379,137,9
243,0.56496066,2.178251266,478,30,233,0.70027894,0.7,0.55648535,266,21,0.666666687,2.038231373,209,10,81,0.772727251,0.899999976,0.655502379,137,9
244,0.6102362,2.171556234,478,30,206,0.6601464,0.6333333,0.6087866,291,19,0.666666687,2.031314135,209,10,81,0.772727251,0.899999976,0.655502379,137,9
245,0.61417323,2.101598978,478,30,214,0.803696,0.8,0.60251045,288,24,0.666666687,2.024428129,209,10,81,0.772248805,0.899999976,0.655502379,137,9
246,0.5905512,2.157289743,478,30,214,0.66569036,0.6,0.58995813,282,18,0.666666687,2.01761651,209,10,81,0.772727251,0.899999976,0.655502379,137,9
247,0.56496066,2.177855968,478,30,227,0.6061018,0.6,0.5627615,269,18,0.666666687,2.010906696,209,10,81,0.773684204,0.899999976,0.655502379,137,9
248,0.5866142,2.156226873,478,30,218,0.67357045,0.6333333,0.583682,279,19,0.662100434,2.004261732,209,10,82,0.774641156,0.899999976,0.650717676,136,9
249,0.5944882,2.150618315,478,30,212,0.64177126,0.6,0.59414226,284,18,0.662100434,1.99769032,209,10,82,0.77416265,0.899999976,0.650717676,136,9
250,0.57086617,2.096744061,478,30,230,0.7084379,0.7,0.5627615,269,21,0.657534242,1.99115026,209,10,83,0.773205757,0.899999976,0.645933032,135,9
251,0.5728347,2.14832592,478,30,225,0.626848,0.6333333,0.5690377,272,19,0.657534242,1.984660864,209,10,83,0.773564577,0.899999976,0.645933032,135,9
252,0.5846457,2.122309208,478,30,215,0.6308229,0.56666666,0.58577406,280,17,0.652968049,1.978252649,209,10,84,0.773684204,0.899999976,0.641148329,134,9
253,0.56692916,2.08212018,478,30,232,0.7050209,0.7,0.5585774,267,21,0.652968049,1.971892476,209,10,84,0.773684204,0.899999976,0.641148329,134,9
254,0.5885827,2.062022686,478,30,221,0.72224545,0.7,0.58158994,278,21,0.652968049,1.965556383,209,10,84,0.77416265,0.899999976,0.641148329,134,9
255,0.5944882,2.108401299,478,30,210,0.6124128,0.56666666,0.5962343,285,17,0.652968049,1.959259748,209,10,84,0.773684204,0.899999976,0.641148329,134,9
256,0.6023622,2.059283972,478,30,218,0.74951184,0.76666665,0.5920502,283,23,0.652968049,1.952998757,209,10,84,0.773684204,0.899999976,0.641148329,134,9
257,0.61811024,2.033610106,478,30,210,0.7685495,0.76666665,0.6087866,291,23,0.652968049,1.946775556,209,10,84,0.774641156,0.899999976,0.641148329,134,9
258,0.5748032,2.096721888,478,30,216,0.5923989,0.5,0.57949793,277,15,0.652968049,1.94060111,209,10,84,0.774641156,0.899999976,0.641148329,134,9
259,0.5925197,2.084992409,478,30,219,0.6562064,0.7,0.58577406,280,21,0.657534242,1.934523344,209,10,83,0.774641156,0.899999976,0.645933032,135,9
260,0.5964567,2.038111448,478,30,215,0.68242675,0.6666667,0.5920502,283,20,0.657534242,1.92849052,209,10,83,0.775598109,0.899999976,0.645933032,135,9
261,0.6476378,2.028137922,478,30,193,0.73504186,0.73333335,0.6422594,307,22,0.657534242,1.922528982,209,10,83,0.775119603,0.899999976,0.645933032,135,9
262,0.63188976,2.019841433,478,30,197,0.6923989,0.6666667,0.6297071,301,20,0.657534242,1.916577339,209,10,83,0.775598109,0.899999976,0.645933032,135,9
263,0.62795275,2.03500247,478,30,205,0.73448396,0.76666665,0.61924684,296,23,0.657534242,1.910698175,209,10,83,0.775119603,0.899999976,0.645933032,135,9
264,0.61811024,2.03525877,478,30,204,0.69637376,0.6666667,0.6150628,294,20,0.662100434,1.904883981,209,10,82,0.775598109,0.899999976,0.650717676,136,9
265,0.6574803,2.037284851,478,30,182,0.7137378,0.6333333,0.6589958,315,19,0.657534242,1.899137855,209,10,83,0.775119603,0.899999976,0.645933032,135,9
266,0.6456693,2.010805368,478,30,194,0.74947697,0.73333335,0.64016736,306,22,0.657534242,1.89346683,209,10,83,0.776076555,0.899999976,0.645933032,135,9
267,0.61614174,2.045134544,478,30,199,0.6613668,0.56666666,0.61924684,296,17,0.657534242,1.887932897,209,10,83,0.775598109,0.899999976,0.645933032,135,9
268,0.6594488,1.983766675,478,30,185,0.7169456,0.7,0.65690374,314,21,0.648401797,1.882444501,209,10,85,0.776555002,0.899999976,0.636363626,133,9
269,0.6496063,2.006824255,478,30,198,0.77343094,0.8333333,0.6380753,305,25,0.648401797,1.877024174,209,10,85,0.775598109,0.899999976,0.636363626,133,9
270,0.6102362,2.02695179,478,30,208,0.6649233,0.6666667,0.6066946,290,20,0.634703219,1.871667385,209,10,88,0.775598109,0.899999976,0.622009575,130,9
271,0.5925197,1.999948621,478,30,223,0.7107392,0.76666665,0.58158994,278,23,0.616438329,1.866294503,209,10,92,0.776076555,0.899999976,0.602870822,126,9
272,0.6082677,1.991608024,478,30,209,0.6957462,0.6666667,0.6046025,289,20,0.611872137,1.860908151,209,10,93,0.776555002,0.899999976,0.598086119,125,9
273,0.63582677,1.960773706,478,30,201,0.7398884,0.76666665,0.62761503,300,23,0.611872137,1.855507731,209,10,93,0.776555002,0.899999976,0.598086119,125,9
274,0.57086617,2.002284288,478,30,238,0.70620644,0.8333333,0.5543933,265,25,0.611872137,1.850132465,209,10,93,0.776555002,0.899999976,0.598086119,125,9
275,0.6043307,1.962110758,478,30,223,0.78919107,0.8666667,0.5878661,281,26,0.611872137,1.844745874,209,10,93,0.776076555,0.899999976,0.598086119,125,9
276,0.62795275,1.927282453,478,30,207,0.7874477,0.8,0.61715484,295,24,0.611872137,1.83934772,209,10,93,0.776076555,0.899999976,0.598086119,125,9
277,0.6023622,1.922588706,478,30,220,0.75808924,0.8,0.58995813,282,24,0.611872137,1.833857894,209,10,93,0.777033508,0.899999976,0.598086119,125,9
278,0.6023622,1.950305581,478,30,218,0.7416318,0.76666665,0.5920502,283,23,0.625570774,1.828389406,209,10,90,0.776076555,0.899999976,0.612440169,128,9
279,0.61811024,1.916083932,478,30,206,0.7373431,0.7,0.6129707,293,21,0.634703219,1.822871089,209,10,88,0.776555002,0.899999976,0.622009575,130,9
280,0.6082677,1.929804325,478,30,207,0.7011158,0.6333333,0.6066946,290,19,0.643835604,1.817425728,209,10,86,0.777511954,0.899999976,0.631578922,132,9
281,0.6555118,1.915936112,478,30,183,0.7234658,0.6333333,0.65690374,314,19,0.648401797,1.811996698,209,10,85,0.77799046,0.899999976,0.636363626,133,9
282,0.61811024,1.906937599,478,30,208,0.7617852,0.73333335,0.61087865,292,22,0.657534242,1.80666256,209,10,83,0.778468907,0.899999976,0.645933032,135,9
283,0.6633858,1.969303608,478,30,177,0.7146444,0.6,0.667364,319,18,0.666666687,1.801497459,209,10,81,0.778947353,0.899999976,0.655502379,137,9
284,0.61614174,1.92897892,478,30,209,0.714993,0.73333335,0.6087866,291,22,0.666666687,1.796398163,209,10,81,0.778947353,0.899999976,0.655502379,137,9
285,0.6535433,1.929688573,478,30,176,0.64337516,0.5,0.66317993,317,15,0.666666687,1.791343689,209,10,81,0.778947353,0.899999976,0.655502379,137,9
286,0.6574803,1.915738583,478,30,180,0.652371,0.6,0.6610879,316,18,0.666666687,1.786327481,209,10,81,0.778468907,0.899999976,0.655502379,137,9
287,0.6515748,1.932266712,478,30,181,0.63570434,0.56666666,0.65690374,314,17,0.671232879,1.781399131,209,10,80,0.77799046,0.899999976,0.660287082,138,9
288,0.6771653,1.903330684,478,30,170,0.67740583,0.6,0.6820084,326,18,0.671232879,1.776457667,209,10,80,0.779425859,0.899999976,0.660287082,138,9
289,0.6692913,1.894020557,478,30,174,0.6782078,0.6,0.6736402,322,18,0.680365324,1.77155602,209,10,78,0.779425859,0.899999976,0.669856489,140,9
290,0.6909449,1.901507497,478,30,167,0.72534865,0.6666667,0.69246864,331,20,0.684931517,1.766701579,209,10,77,0.779425859,0.899999976,0.674641132,141,9
291,0.6948819,1.881598592,478,30,171,0.754219,0.76666665,0.6903766,330,23,0.684931517,1.761908531,209,10,77,0.779425859,0.899999976,0.674641132,141,9
292,0.6437008,1.914004683,478,30,179,0.623152,0.46666667,0.65481174,313,14,0.684931517,1.757207155,209,10,77,0.778947353,0.899999976,0.674641132,141,9
293,0.68503934,1.903579235,478,30,164,0.6493724,0.56666666,0.69246864,331,17,0.684931517,1.752578259,209,10,77,0.778468907,0.899999976,0.674641132,141,9
294,0.6653543,1.877911925,478,30,176,0.652371,0.6,0.66945606,320,18,0.684931517,1.748016596,209,10,77,0.778947353,0.899999976,0.674641132,141,9
295,0.6732283,1.905245543,478,30,174,0.6914226,0.6333333,0.6757322,323,19,0.684931517,1.743524551,209,10,77,0.778468907,0.899999976,0.674641132,141,9
296,0.7027559,1.86047554,478,30,157,0.761576,0.6,0.70920503,339,18,0.684931517,1.739070058,209,10,77,0.778468907,0.899999976,0.674641132,141,9
297,0.6476378,1.832625985,478,30,187,0.732357,0.6333333,0.64853555,310,19,0.684931517,1.734570026,209,10,77,0.778947353,0.899999976,0.674641132,141,9
298,0.68110234,1.869444132,478,30,160,0.64211994,0.46666667,0.69456065,332,14,0.684931517,1.730148792,209,10,77,0.778468907,0.899999976,0.674641132,141,9
299,0.6476378,1.877308965,478,30,185,0.7043236,0.6,0.6506276,311,18,0.684931517,1.725811601,209,10,77,0.779425859,0.899999976,0.674641132,141,9
300,0.6653543,1.802721977,478,30,180,0.7530683,0.6666667,0.66527194,318,20,0.684931517,1.721382618,209,10,77,0.779425859,0.899999976,0.674641132,141,9
301,0.6712598,1.798892498,478,30,185,0.7751743,0.8,0.66317993,317,24,0.684931517,1.716920376,209,10,77,0.779904306,0.899999976,0.674641132,141,9
302,0.6614173,1.897327781,478,30,172,0.6875174,0.5,0.6715481,321,15,0.684931517,1.71257782,209,10,77,0.780861259,0.899999976,0.674641132,141,9
303,0.6692913,1.825026751,478,30,176,0.70244074,0.6333333,0.6715481,321,19,0.684931517,1.708280325,209,10,77,0.781818211,0.899999976,0.674641132,141,9
304,0.6771653,1.855768919,478,30,172,0.6702929,0.6333333,0.6799163,325,19,0.689497709,1.704052567,209,10,76,0.781818211,0.899999976,0.679425836,142,9
305,0.6673228,1.805068135,478,30,181,0.7262901,0.7,0.66527194,318,21,0.689497709,1.699810266,209,10,76,0.781818211,0.899999976,0.679425836,142,9
306,0.71850395,1.814067602,478,30,151,0.7751743,0.6333333,0.72384936,346,19,0.694063902,1.69558847,209,10,75,0.781339705,0.899999976,0.684210539,143,9
307,0.70669293,1.8072083,478,30,157,0.7263947,0.6333333,0.7112971,340,19,0.694063902,1.691393614,209,10,75,0.780861259,0.899999976,0.684210539,143,9
308,0.6771653,1.815535545,478,30,168,0.70313805,0.56666666,0.6841004,327,17,0.694063902,1.687245846,209,10,75,0.780861259,0.899999976,0.684210539,143,9
309,0.6496063,1.839267612,478,30,178,0.64748955,0.5,0.6589958,315,15,0.694063902,1.68313086,209,10,75,0.779904306,0.899999976,0.684210539,143,9
310,0.6948819,1.761468649,478,30,163,0.7378661,0.6333333,0.6987448,334,19,0.694063902,1.67897892,209,10,75,0.778947353,0.899999976,0.684210539,143,9
311,0.68503934,1.750361681,478,30,166,0.77559274,0.6,0.6903766,330,18,0.694063902,1.674790263,209,10,75,0.778468907,0.899999976,0.684210539,143,9
312,0.6948819,1.803301454,478,30,159,0.70013946,0.56666666,0.70292884,336,17,0.694063902,1.670667052,209,10,75,0.778947353,0.899999976,0.684210539,143,9
313,0.6673228,1.786132455,478,30,177,0.70850766,0.6333333,0.66945606,320,19,0.703196347,1.666559339,209,10,73,0.778468907,0.899999976,0.693779886,145,9
314,0.71259844,1.799930453,478,30,158,0.7296374,0.7,0.7133891,341,21,0.703196347,1.662532568,209,10,73,0.77799046,0.899999976,0.693779886,145,9
315,0.70669293,1.802580833,478,30,151,0.6696653,0.53333336,0.7175732,343,16,0.712328792,1.6585747,209,10,71,0.778468907,0.899999976,0.703349292,147,9
316,0.71062994,1.754028916,478,30,157,0.7330544,0.6666667,0.7133891,341,20,0.712328792,1.65455246,209,10,71,0.779425859,0.899999976,0.703349292,147,9
317,0.68503934,1.773281813,478,30,166,0.7061367,0.6,0.6903766,330,18,0.712328792,1.650576949,209,10,71,0.779425859,0.899999976,0.703349292,147,9
318,0.72244096,1.752308965,478,30,149,0.73437935,0.6333333,0.7280335,348,19,0.712328792,1.646663904,209,10,71,0.779425859,0.899999976,0.703349292,147,9
319,0.68307084,1.76649797,478,30,169,0.7,0.6333333,0.68619245,328,19,0.712328792,1.642821312,209,10,71,0.779425859,0.899999976,0.703349292,147,9
320,0.6988189,1.730496168,478,30,169,0.77364016,0.76666665,0.69456065,332,23,0.716894984,1.63898778,209,10,70,0.780861259,0.899999976,0.708133996,148,9
321,0.6988189,1.79014051,478,30,153,0.6771967,0.5,0.7112971,340,15,0.716894984,1.635261893,209,10,70,0.780861259,0.899999976,0.708133996,148,9
322,0.7322835,1.783616662,478,30,142,0.69114363,0.6,0.74058574,354,18,0.716894984,1.631628156,209,10,70,0.781818211,0.899999976,0.708133996,148,9
323,0.7401575,1.730085611,478,30,144,0.79149234,0.7,0.7426778,355,21,0.716894984,1.628007412,209,10,70,0.781818211,0.899999976,0.708133996,148,9
324,0.71456695,1.776526451,478,30,141,0.7011158,0.43333334,0.73221755,350,13,0.716894984,1.624474168,209,10,70,0.781339705,0.899999976,0.708133996,148,9
325,0.6929134,1.775837421,478,30,154,0.66499305,0.46666667,0.70711297,338,14,0.716894984,1.621010184,209,10,70,0.781339705,0.899999976,0.708133996,148,9
326,0.71653545,1.767594814,478,30,152,0.70277196,0.6333333,0.7217573,345,19,0.716894984,1.617613554,209,10,70,0.780861259,0.899999976,0.708133996,148,9
327,0.70669293,1.748428941,478,30,157,0.7195258,0.6333333,0.7112971,340,19,0.716894984,1.61419642,209,10,70,0.780382752,0.899999976,0.708133996,148,9
328,0.734252,1.714317799,478,30,141,0.7703626,0.6,0.7426778,355,18,0.716894984,1.610706568,209,10,70,0.780382752,0.899999976,0.708133996,148,9
329,0.71653545,1.716421485,478,30,150,0.7283822,0.6,0.72384936,346,18,0.721461177,1.607252479,209,10,69,0.780382752,0.899999976,0.712918639,149,9
330,0.70472443,1.734488845,478,30,150,0.66422594,0.5,0.7175732,343,15,0.721461177,1.603862762,209,10,69,0.780861259,0.899999976,0.712918639,149,9
331,0.734252,1.683695316,478,30,145,0.7584554,0.6666667,0.73849374,353,20,0.721461177,1.600413799,209,10,69,0.780861259,0.899999976,0.712918639,149,9
332,0.72637796,1.668419003,478,30,155,0.80571824,0.76666665,0.72384936,346,23,0.721461177,1.596922874,209,10,69,0.780382752,0.899999976,0.712918639,149,9
333,0.6889764,1.738453388,478,30,164,0.7402371,0.6,0.69456065,332,18,0.726027369,1.593470931,209,10,66,0.780382752,0.800000012,0.722488046,151,8
334,0.72047246,1.699916005,478,30,150,0.7661088,0.6333333,0.7259414,347,19,0.716894984,1.590027452,209,10,68,0.780382752,0.800000012,0.712918639,149,8
335,0.77165353,1.660263181,478,30,130,0.80864716,0.73333335,0.7740586,370,22,0.721461177,1.586637497,209,10,69,0.780382752,0.899999976,0.712918639,149,9
336,0.71259844,1.687715411,478,30,152,0.72384936,0.6,0.7196653,344,18,0.721461177,1.583215952,209,10,69,0.780382752,0.899999976,0.712918639,149,9
337,0.6988189,1.695008755,478,30,159,0.7416318,0.6,0.7050209,337,18,0.726027369,1.579773784,209,10,68,0.781339705,0.899999976,0.717703342,150,9
338,0.72244096,1.713002801,478,30,147,0.71025103,0.6,0.73012555,349,18,0.726027369,1.576360941,209,10,66,0.781339705,0.800000012,0.722488046,151,8
339,0.72440946,1.672236085,478,30,154,0.7721757,0.73333335,0.72384936,346,22,0.730593622,1.572882414,209,10,65,0.781339705,0.800000012,0.727272749,152,8
340,0.72440946,1.649637461,478,30,152,0.79525805,0.7,0.7259414,347,21,0.730593622,1.569368124,209,10,65,0.781818211,0.800000012,0.727272749,152,8
341,0.734252,1.668833494,478,30,147,0.7426778,0.7,0.7364017,352,21,0.735159814,1.565871358,209,10,64,0.779904306,0.800000012,0.732057393,153,8
342,0.757874,1.672501683,478,30,133,0.8029986,0.6666667,0.7635983,365,20,0.735159814,1.562500596,209,10,64,0.779904306,0.800000012,0.732057393,153,8
343,0.742126,1.602153897,478,30,141,0.8131799,0.6666667,0.74686193,357,20,0.735159814,1.559133649,209,10,64,0.780382752,0.800000012,0.732057393,153,8
344,0.77165353,1.642982602,478,30,124,0.79351467,0.6333333,0.7803347,373,19,0.735159814,1.555769086,209,10,64,0.780382752,0.800000012,0.732057393,153,8
345,0.75,1.665485024,478,30,129,0.73947,0.53333336,0.7635983,365,16,0.735159814,1.552510738,209,10,64,0.780382752,0.800000012,0.732057393,153,8
346,0.7322835,1.665621281,478,30,146,0.77580196,0.6666667,0.7364017,352,20,0.735159814,1.549304724,209,10,64,0.780861259,0.800000012,0.732057393,153,8
347,0.7440945,1.679238677,478,30,134,0.7107392,0.56666666,0.7552301,361,17,0.735159814,1.546206474,209,10,64,0.781339705,0.800000012,0.732057393,153,8
348,0.71259844,1.663143277,478,30,152,0.71025103,0.6,0.7196653,344,18,0.735159814,1.543129563,209,10,64,0.781339705,0.800000012,0.732057393,153,8
349,0.73031497,1.710096598,478,30,139,0.6863319,0.53333336,0.7426778,355,16,0.735159814,1.540164948,209,10,64,0.782296658,0.800000012,0.732057393,153,8
350,0.70866144,1.68018043,478,30,148,0.70188284,0.5,0.7217573,345,15,0.735159814,1.537277937,209,10,64,0.780382752,0.800000012,0.732057393,153,8
351,0.71653545,1.603861332,478,30,152,0.72880054,0.6333333,0.7217573,345,19,0.735159814,1.534323335,209,10,64,0.779545426,0.800000012,0.732057393,153,8
352,0.71062994,1.617415786,478,30,159,0.75669456,0.7,0.7112971,340,21,0.739726007,1.531297207,209,10,63,0.779904306,0.800000012,0.736842096,154,8
353,0.6948819,1.657289028,478,30,159,0.74058574,0.56666666,0.70292884,336,17,0.744292259,1.528312802,209,10,62,0.779425859,0.800000012,0.741626799,155,8
354,0.734252,1.681641459,478,30,141,0.73138076,0.6,0.7426778,355,18,0.744292259,1.525476813,209,10,62,0.778468907,0.800000012,0.741626799,155,8
355,0.73031497,1.664761424,478,30,131,0.6788703,0.4,0.751046,359,12,0.744292259,1.522728801,209,10,62,0.778468907,0.800000012,0.741626799,155,8
356,0.7401575,1.672999382,478,30,128,0.6921897,0.43333334,0.75941426,363,13,0.748858452,1.520064712,209,10,61,0.77799046,0.800000012,0.746411502,156,8
357,0.753937,1.665043235,478,30,131,0.74372387,0.6,0.7635983,365,18,0.753424644,1.517451167,209,10,60,0.77799046,0.800000012,0.751196146,157,8
358,0.7401575,1.558917522,478,30,150,0.82343096,0.8,0.7364017,352,24,0.753424644,1.514717817,209,10,60,0.77799046,0.800000012,0.751196146,157,8
359,0.746063,1.570039749,478,30,143,0.793166,0.73333335,0.74686193,357,22,0.757990897,1.511903048,209,10,59,0.777511954,0.800000012,0.755980849,158,8
360,0.761811,1.602476478,478,30,129,0.7573222,0.6333333,0.76987445,368,19,0.757990897,1.509089231,209,10,59,0.777033508,0.800000012,0.755980849,158,8
361,0.7480315,1.683919907,478,30,134,0.7016736,0.6,0.7573222,362,18,0.753424644,1.50636816,209,10,60,0.776555002,0.800000012,0.751196146,157,8
362,0.753937,1.607700348,478,30,131,0.7291492,0.6,0.7635983,365,18,0.748858452,1.503619313,209,10,61,0.776076555,0.800000012,0.746411502,156,8
363,0.77755904,1.597544789,478,30,119,0.7864017,0.6,0.7887029,377,18,0.744292259,1.500899434,209,10,62,0.773684204,0.800000012,0.741626799,155,8
364,0.746063,1.575792193,478,30,141,0.79274756,0.7,0.748954,358,21,0.744292259,1.498149753,209,10,62,0.774641156,0.800000012,0.741626799,155,8
365,0.7519685,1.581415415,478,30,132,0.80648535,0.6,0.76150626,364,18,0.744292259,1.495368004,209,10,62,0.773684204,0.800000012,0.741626799,155,8
366,0.7677165,1.612663031,478,30,124,0.7552301,0.6,0.7782427,372,18,0.744292259,1.492644072,209,10,62,0.773205757,0.800000012,0.741626799,155,8
367,0.746063,1.585589647,478,30,137,0.7805439,0.6333333,0.75313807,360,19,0.744292259,1.489971876,209,10,62,0.773205757,0.800000012,0.741626799,155,8
368,0.75,1.666497231,478,30,127,0.6834728,0.5,0.7656904,366,15,0.744292259,1.487475991,209,10,62,0.773684204,0.800000012,0.741626799,155,8
369,0.72834647,1.671319962,478,30,138,0.6893305,0.5,0.7426778,355,15,0.739726007,1.485105157,209,10,63,0.77416265,0.800000012,0.736842096,154,8
370,0.7637795,1.534626603,478,30,130,0.80983263,0.6666667,0.76987445,368,20,0.739726007,1.482662559,209,10,63,0.77416265,0.800000012,0.736842096,154,8
371,0.7637795,1.509399652,478,30,136,0.8156904,0.76666665,0.7635983,365,23,0.739726007,1.4801085,209,10,63,0.77416265,0.800000012,0.736842096,154,8
372,0.75,1.590724587,478,30,135,0.76046026,0.6333333,0.7573222,362,19,0.739726007,1.477539539,209,10,63,0.77416265,0.800000012,0.736842096,154,8
373,0.7440945,1.565003514,478,30,140,0.7371687,0.6666667,0.748954,358,20,0.739726007,1.474933624,209,10,63,0.77416265,0.800000012,0.736842096,154,8
374,0.746063,1.594370127,478,30,141,0.75244075,0.7,0.748954,358,21,0.739726007,1.472372055,209,10,63,0.77416265,0.800000012,0.736842096,154,8
375,0.734252,1.537953377,478,30,151,0.77475595,0.76666665,0.73221755,350,23,0.739726007,1.469675422,209,10,63,0.77416265,0.800000012,0.736842096,154,8
376,0.7440945,1.620354533,478,30,140,0.74776846,0.6666667,0.748954,358,20,0.739726007,1.467029095,209,10,63,0.77416265,0.800000012,0.736842096,154,8
377,0.7440945,1.548035622,478,30,146,0.82377964,0.76666665,0.7426778,355,23,0.748858452,1.464400291,209,10,61,0.77416265,0.800000012,0.746411502,156,8
378,0.72637796,1.605358601,478,30,145,0.70927477,0.6,0.7343096,351,18,0.748858452,1.461797118,209,10,61,0.773205757,0.800000012,0.746411502,156,8
379,0.753937,1.5386554,478,30,133,0.76677126,0.6333333,0.76150626,364,19,0.748858452,1.459268093,209,10,61,0.772248805,0.800000012,0.746411502,156,8
380,0.72834647,1.602956533,478,30,146,0.7663877,0.6333333,0.7343096,351,19,0.753424644,1.45680809,209,10,60,0.770813406,0.800000012,0.751196146,157,8
381,0.7362205,1.567533493,478,30,138,0.7297071,0.56666666,0.74686193,357,17,0.753424644,1.454410195,209,10,60,0.771291852,0.800000012,0.751196146,157,8
382,0.77559054,1.52922678,478,30,126,0.7856346,0.7,0.7803347,373,21,0.753424644,1.45208323,209,10,60,0.771770358,0.800000012,0.751196146,157,8
383,0.753937,1.547451854,478,30,135,0.7668061,0.6666667,0.75941426,363,20,0.753424644,1.449841261,209,10,60,0.770813406,0.800000012,0.751196146,157,8
384,0.76968503,1.554060459,478,30,127,0.77419806,0.6666667,0.77615064,371,20,0.753424644,1.447642207,209,10,60,0.770334899,0.800000012,0.751196146,157,8
385,0.742126,1.53938663,478,30,149,0.80090654,0.8,0.73849374,353,24,0.753424644,1.445462942,209,10,60,0.769378006,0.800000012,0.751196146,157,8
386,0.76968503,1.542814732,478,30,125,0.7631799,0.6333333,0.7782427,372,19,0.753424644,1.443324804,209,10,60,0.770334899,0.800000012,0.751196146,157,8
387,0.7440945,1.573691487,478,30,130,0.732357,0.5,0.75941426,363,15,0.753424644,1.441234112,209,10,60,0.7688995,0.800000012,0.751196146,157,8
388,0.7401575,1.510312557,478,30,138,0.7474895,0.6,0.748954,358,18,0.748858452,1.439029336,209,10,61,0.769856453,0.800000012,0.746411502,156,8
389,0.7440945,1.580653787,478,30,132,0.71868896,0.53333336,0.7573222,362,16,0.748858452,1.436878562,209,10,61,0.767942607,0.800000012,0.746411502,156,8
390,0.7598425,1.585280657,478,30,132,0.7548117,0.6666667,0.7656904,366,20,0.753424644,1.434850454,209,10,60,0.768421054,0.800000012,0.751196146,157,8
391,0.76968503,1.59715867,478,30,119,0.7366109,0.53333336,0.78451884,375,16,0.753424644,1.432850003,209,10,60,0.767464101,0.800000012,0.751196146,157,8
392,0.738189,1.494432569,478,30,147,0.7705718,0.73333335,0.73849374,353,22,0.753424644,1.430749416,209,10,60,0.766985655,0.800000012,0.751196146,157,8
393,0.75,1.48989737,478,30,139,0.76401675,0.7,0.75313807,360,21,0.753424644,1.428615451,209,10,60,0.766028702,0.800000012,0.751196146,157,8
394,0.746063,1.582086205,478,30,131,0.7175732,0.53333336,0.75941426,363,16,0.753424644,1.426576376,209,10,60,0.76507175,0.800000012,0.751196146,157,8
395,0.746063,1.509092808,478,30,137,0.7646443,0.6333333,0.75313807,360,19,0.757990897,1.424532533,209,10,59,0.760765553,0.800000012,0.755980849,158,8
396,0.79330707,1.509086728,478,30,115,0.7851464,0.6666667,0.8012552,383,20,0.757990897,1.422516465,209,10,59,0.761722505,0.800000012,0.755980849,158,8
397,0.7559055,1.492726445,478,30,138,0.7671548,0.73333335,0.7573222,362,22,0.757990897,1.420492291,209,10,59,0.760526299,0.800000012,0.755980849,158,8
398,0.78346455,1.400674582,478,30,124,0.82580197,0.73333335,0.7866109,376,22,0.753424644,1.418369055,209,10,58,0.760287106,0.699999988,0.755980849,158,7
399,0.8011811,1.504616499,478,30,109,0.7986053,0.6333333,0.8117155,388,19,0.753424644,1.416275501,209,10,58,0.760287106,0.699999988,0.755980849,158,7
400,0.746063,1.528177857,478,30,133,0.7435844,0.56666666,0.7573222,362,17,0.753424644,1.41429019,209,10,58,0.758373201,0.699999988,0.755980849,158,7
401,0.77952754,1.54135251,478,30,118,0.74058574,0.6,0.79079497,378,18,0.753424644,1.412408233,209,10,58,0.75454545,0.699999988,0.755980849,158,7
402,0.7401575,1.503738284,478,30,142,0.7742678,0.6666667,0.7447699,356,20,0.762557089,1.410548329,209,10,56,0.749760747,0.699999988,0.765550256,160,7
403,0.7677165,1.461793423,478,30,126,0.7876569,0.6333333,0.77615064,371,19,0.762557089,1.408700228,209,10,56,0.751674652,0.699999988,0.765550256,160,7
404,0.81889766,1.445793152,478,30,106,0.8042538,0.73333335,0.8242678,394,22,0.762557089,1.40680182,209,10,56,0.751315773,0.699999988,0.765550256,160,7
405,0.78740156,1.492615342,478,30,106,0.7635286,0.46666667,0.80753136,386,14,0.762557089,1.405004263,209,10,56,0.751076579,0.699999988,0.765550256,160,7
406,0.77559054,1.476178288,478,30,120,0.7838912,0.6,0.7866109,376,18,0.757990897,1.403280377,209,10,55,0.7507177,0.600000024,0.765550256,160,6
407,0.79527557,1.501572013,478,30,108,0.74993026,0.56666666,0.8096234,387,17,0.757990897,1.401623607,209,10,55,0.750239253,0.600000024,0.765550256,160,6
408,0.79330707,1.521262407,478,30,111,0.77398884,0.6,0.80543935,385,18,0.757990897,1.400089502,209,10,55,0.751196146,0.600000024,0.765550256,160,6
409,0.77559054,1.482311964,478,30,120,0.77099025,0.6,0.7866109,376,18,0.767123282,1.398522615,209,10,53,0.751674652,0.600000024,0.775119603,162,6
410,0.81496066,1.401406884,478,30,100,0.7856346,0.6,0.8284519,396,18,0.767123282,1.396878839,209,10,53,0.751196146,0.600000024,0.775119603,162,6
411,0.77755904,1.570726395,478,30,111,0.7390516,0.46666667,0.79707116,381,14,0.757990897,1.395322919,209,10,55,0.750598073,0.600000024,0.765550256,160,6
412,0.8070866,1.422060609,478,30,110,0.8109484,0.7,0.81380755,389,21,0.757990897,1.393702745,209,10,55,0.7507177,0.600000024,0.765550256,160,6
413,0.78937006,1.449600101,478,30,115,0.7675035,0.6333333,0.79916316,382,19,0.757990897,1.392027497,209,10,55,0.752033472,0.600000024,0.765550256,160,6
414,0.78346455,1.485782027,478,30,112,0.76827055,0.53333336,0.79916316,382,16,0.757990897,1.390321374,209,10,55,0.752511978,0.600000024,0.765550256,160,6
415,0.78740156,1.492266297,478,30,116,0.7908647,0.6333333,0.79707116,381,19,0.757990897,1.388639927,209,10,55,0.752751172,0.600000024,0.765550256,160,6
416,0.8031496,1.419147372,478,30,114,0.81711996,0.73333335,0.80753136,386,22,0.757990897,1.386889338,209,10,55,0.752033472,0.600000024,0.765550256,160,6
417,0.78543305,1.534744382,478,30,111,0.74225944,0.53333336,0.8012552,383,16,0.757990897,1.385279536,209,10,55,0.751674652,0.600000024,0.765550256,160,6
418,0.79527557,1.397637486,478,30,118,0.83500695,0.73333335,0.79916316,382,22,0.757990897,1.383631825,209,10,55,0.753110051,0.600000024,0.765550256,160,6
419,0.77559054,1.456178904,478,30,116,0.78396094,0.53333336,0.79079497,378,16,0.757990897,1.381927729,209,10,55,0.757894754,0.600000024,0.765550256,160,6
420,0.78149605,1.454760313,478,30,115,0.77238494,0.56666666,0.7949791,380,17,0.757990897,1.380241036,209,10,55,0.756937802,0.600000024,0.765550256,160,6
421,0.77165353,1.492634416,478,30,126,0.78451884,0.6666667,0.7782427,372,20,0.757990897,1.37855649,209,10,55,0.758971274,0.600000024,0.765550256,160,6
422,0.78937006,1.459360123,478,30,117,0.80613667,0.6666667,0.79707116,381,20,0.757990897,1.376857042,209,10,55,0.762200952,0.600000024,0.765550256,160,6
423,0.77952754,1.461788058,478,30,114,0.75313807,0.53333336,0.7949791,380,16,0.762557089,1.375150681,209,10,54,0.764593303,0.600000024,0.770334899,161,6
424,0.79133856,1.339933872,478,30,120,0.8200837,0.73333335,0.7949791,380,22,0.762557089,1.373364568,209,10,54,0.764114857,0.600000024,0.770334899,161,6
425,0.77165353,1.434791207,478,30,126,0.78437936,0.6666667,0.7782427,372,20,0.762557089,1.371651411,209,10,54,0.76507175,0.600000024,0.770334899,161,6
426,0.77952754,1.447625399,478,30,118,0.77106,0.6,0.79079497,378,18,0.771689475,1.370039463,209,10,52,0.76507175,0.600000024,0.779904306,163,6
427,0.77165353,1.425866246,478,30,120,0.7637378,0.56666666,0.78451884,375,17,0.776255727,1.36846292,209,10,51,0.766267955,0.600000024,0.784689009,164,6
428,0.8051181,1.475762963,478,30,95,0.73382145,0.43333334,0.8284519,396,13,0.776255727,1.367002368,209,10,51,0.766985655,0.600000024,0.784689009,164,6
429,0.7677165,1.4838835,478,30,126,0.74755925,0.6333333,0.77615064,371,19,0.780821919,1.365644932,209,10,50,0.766985655,0.600000024,0.789473712,165,6
430,0.7992126,1.497732282,478,30,108,0.79755926,0.6,0.8117155,388,18,0.780821919,1.364299774,209,10,50,0.768181801,0.600000024,0.789473712,165,6
431,0.77952754,1.435653687,478,30,118,0.7557183,0.6,0.79079497,378,18,0.780821919,1.36303544,209,10,50,0.768421054,0.600000024,0.789473712,165,6
432,0.78937006,1.477704287,478,30,111,0.7668061,0.56666666,0.8033473,384,17,0.780821919,1.361832261,209,10,50,0.769378006,0.600000024,0.789473712,165,6
433,0.78543305,1.355655074,478,30,123,0.816318,0.73333335,0.7887029,377,22,0.780821919,1.36064887,209,10,50,0.769856453,0.600000024,0.789473712,165,6
434,0.8051181,1.431748509,478,30,109,0.78361225,0.6666667,0.81380755,389,20,0.780821919,1.359408259,209,10,50,0.770334899,0.600000024,0.789473712,165,6
435,0.77952754,1.432206392,478,30,122,0.79198045,0.6666667,0.7866109,376,20,0.780821919,1.358147025,209,10,50,0.7688995,0.600000024,0.789473712,165,6
436,0.77559054,1.429781079,478,30,122,0.7762901,0.6333333,0.78451884,375,19,0.780821919,1.356925726,209,10,50,0.7688995,0.600000024,0.789473712,165,6
437,0.78740156,1.504045248,478,30,114,0.74789053,0.6,0.79916316,382,18,0.780821919,1.355844736,209,10,50,0.7688995,0.600000024,0.789473712,165,6
438,0.8031496,1.408392429,478,30,108,0.79274756,0.6333333,0.81380755,389,19,0.785388112,1.354784846,209,10,49,0.771291852,0.600000024,0.794258356,166,6
439,0.8031496,1.473421693,478,30,104,0.7873082,0.56666666,0.8179916,391,17,0.785388112,1.353773713,209,10,49,0.771770358,0.600000024,0.794258356,166,6
440,0.765748,1.472336292,478,30,123,0.77106,0.56666666,0.7782427,372,17,0.789954364,1.352746725,209,10,48,0.771770358,0.600000024,0.799043059,167,6
441,0.81692916,1.374519944,478,30,99,0.8033473,0.6,0.83054394,397,18,0.789954364,1.351725936,209,10,48,0.771291852,0.600000024,0.799043059,167,6
442,0.7972441,1.421079159,478,30,111,0.7912134,0.6333333,0.80753136,386,19,0.789954364,1.350759625,209,10,48,0.771770358,0.600000024,0.799043059,167,6
443,0.78543305,1.453821182,478,30,119,0.7990934,0.6666667,0.79288703,379,20,0.789954364,1.349789739,209,10,48,0.770813406,0.600000024,0.799043059,167,6
444,0.7972441,1.423566341,478,30,107,0.79504883,0.56666666,0.8117155,388,17,0.789954364,1.348884225,209,10,48,0.770693779,0.600000024,0.799043059,167,6
445,0.77165353,1.447230577,478,30,120,0.7810321,0.56666666,0.78451884,375,17,0.789954364,1.34807992,209,10,48,0.770693779,0.600000024,0.799043059,167,6
446,0.8070866,1.455182433,478,30,98,0.7378661,0.5,0.8263598,395,15,0.794520557,1.347421288,209,10,47,0.771770358,0.600000024,0.803827763,168,6
447,0.8031496,1.419380903,478,30,108,0.77580196,0.6333333,0.81380755,389,19,0.79908675,1.346823096,209,10,46,0.771291852,0.600000024,0.808612466,169,6
448,0.8031496,1.378559232,478,30,106,0.8103208,0.6,0.8158996,390,18,0.79908675,1.346070647,209,10,46,0.770813406,0.600000024,0.808612466,169,6
449,0.78937006,1.471074343,478,30,111,0.7241283,0.56666666,0.8033473,384,17,0.79908675,1.345402122,209,10,46,0.770334899,0.600000024,0.808612466,169,6
450,0.8110236,1.372653604,478,30,104,0.81401676,0.6333333,0.82217574,393,19,0.79908675,1.344617486,209,10,46,0.770334899,0.600000024,0.808612466,169,6
451,0.77952754,1.461361408,478,30,118,0.78117156,0.6,0.79079497,378,18,0.803652942,1.343763232,209,10,45,0.770334899,0.600000024,0.81339711,170,6
452,0.8090551,1.351037979,478,30,109,0.8128312,0.7,0.8158996,390,21,0.803652942,1.342874765,209,10,45,0.769856453,0.600000024,0.81339711,170,6
453,0.8110236,1.453710437,478,30,100,0.7151325,0.56666666,0.8263598,395,17,0.803652942,1.342053413,209,10,45,0.769856453,0.600000024,0.81339711,170,6
454,0.8248032,1.401804328,478,30,99,0.7902371,0.6666667,0.83472806,399,20,0.803652942,1.341209054,209,10,45,0.7688995,0.600000024,0.81339711,170,6
455,0.78937006,1.468750834,478,30,109,0.74707115,0.53333336,0.80543935,385,16,0.803652942,1.340472817,209,10,45,0.769378006,0.600000024,0.81339711,170,6
456,0.7972441,1.54673934,478,30,105,0.7275453,0.53333336,0.81380755,389,16,0.803652942,1.339843869,209,10,45,0.7688995,0.600000024,0.81339711,170,6
457,0.8051181,1.448606253,478,30,103,0.76262206,0.56666666,0.8200837,392,17,0.803652942,1.33930409,209,10,45,0.767464101,0.600000024,0.81339711,170,6
458,0.8090551,1.486561656,478,30,97,0.736053,0.5,0.8284519,396,15,0.803652942,1.338786721,209,10,45,0.7688995,0.600000024,0.81339711,170,6
459,0.79527557,1.468390584,478,30,102,0.7578103,0.46666667,0.8158996,390,14,0.79908675,1.338230371,209,10,46,0.768421054,0.600000024,0.808612466,169,6
460,0.79527557,1.422916412,478,30,116,0.78472805,0.7,0.8012552,383,21,0.794520557,1.337622166,209,10,47,0.767464101,0.600000024,0.803827763,168,6
461,0.78543305,1.297592163,478,30,119,0.8391911,0.6666667,0.79288703,379,20,0.789954364,1.336885929,209,10,48,0.767942607,0.600000024,0.799043059,167,6
462,0.81299216,1.341161132,478,30,109,0.83145046,0.73333335,0.8179916,391,22,0.789954364,1.335993767,209,10,48,0.767942607,0.600000024,0.799043059,167,6
463,0.8011811,1.416036367,478,30,113,0.81464434,0.7,0.80753136,386,21,0.789954364,1.335045695,209,10,48,0.766985655,0.600000024,0.799043059,167,6
464,0.8110236,1.377514958,478,30,112,0.80543935,0.76666665,0.81380755,389,23,0.785388112,1.334055305,209,10,49,0.766507149,0.600000024,0.794258356,166,6
465,0.79133856,1.451609612,478,30,114,0.7670851,0.6333333,0.8012552,383,19,0.785388112,1.333149552,209,10,49,0.765550256,0.600000024,0.794258356,166,6
466,0.7992126,1.334518194,478,30,108,0.82803345,0.6,0.8117155,388,18,0.785388112,1.332168937,209,10,51,0.764473677,0.699999988,0.789473712,165,7
467,0.78937006,1.387746453,478,30,123,0.82677823,0.76666665,0.79079497,378,23,0.785388112,1.33114624,209,10,51,0.763157904,0.699999988,0.789473712,165,7
468,0.78740156,1.41988194,478,30,110,0.76046026,0.53333336,0.8033473,384,16,0.785388112,1.330268621,209,10,51,0.761722505,0.699999988,0.789473712,165,7
469,0.7677165,1.391984344,478,30,134,0.78472805,0.76666665,0.76778245,367,23,0.785388112,1.329255581,209,10,51,0.759330153,0.699999988,0.789473712,165,7
470,0.78543305,1.384498358,478,30,117,0.8073222,0.6333333,0.7949791,380,19,0.785388112,1.328248024,209,10,51,0.750239253,0.699999988,0.789473712,165,7
471,0.8011811,1.404298306,478,30,109,0.7803347,0.6333333,0.8117155,388,19,0.785388112,1.327338576,209,10,51,0.748325348,0.699999988,0.789473712,165,7
472,0.7992126,1.365574479,478,30,114,0.83535564,0.7,0.80543935,385,21,0.785388112,1.326333404,209,10,51,0.750239253,0.699999988,0.789473712,165,7
473,0.77559054,1.391691208,478,30,126,0.80606693,0.7,0.7803347,373,21,0.785388112,1.325354934,209,10,51,0.756937802,0.699999988,0.789473712,165,7
474,0.78346455,1.369333267,478,30,122,0.7963738,0.7,0.7887029,377,21,0.785388112,1.324427247,209,10,51,0.756459355,0.699999988,0.789473712,165,7
475,0.78740156,1.396613479,478,30,112,0.79365414,0.56666666,0.8012552,383,17,0.789954364,1.323504925,209,10,50,0.755023897,0.699999988,0.794258356,166,7
476,0.77755904,1.344900608,478,30,123,0.8158299,0.6666667,0.78451884,375,20,0.794520557,1.322593808,209,10,49,0.752631605,0.699999988,0.799043059,167,7
477,0.77165353,1.394025445,478,30,122,0.7844491,0.6,0.7824268,374,18,0.794520557,1.32171464,209,10,49,0.75,0.699999988,0.799043059,167,7
478,0.7972441,1.306125998,478,30,115,0.8288703,0.7,0.8033473,384,21,0.794520557,1.320958614,209,10,49,0.749760747,0.699999988,0.799043059,167,7
479,0.7559055,1.43458128,478,30,130,0.76276153,0.6,0.7656904,366,18,0.794520557,1.320242643,209,10,49,0.748923421,0.699999988,0.799043059,167,7
480,0.78937006,1.356981993,478,30,111,0.80237097,0.56666666,0.8033473,384,17,0.794520557,1.319535851,209,10,49,0.748803854,0.699999988,0.799043059,167,7
481,0.8110236,1.290422916,478,30,112,0.8324268,0.76666665,0.81380755,389,23,0.794520557,1.318846464,209,10,49,0.749760747,0.699999988,0.799043059,167,7
482,0.7637795,1.43402946,478,30,130,0.7862622,0.6666667,0.76987445,368,20,0.794520557,1.318241358,209,10,49,0.750478446,0.699999988,0.799043059,167,7
483,0.78149605,1.472507954,478,30,113,0.7551604,0.53333336,0.79707116,381,16,0.794520557,1.317720771,209,10,49,0.749162674,0.699999988,0.799043059,167,7
484,0.79133856,1.405156732,478,30,112,0.7887029,0.6,0.8033473,384,18,0.794520557,1.317192197,209,10,49,0.74545455,0.699999988,0.799043059,167,7
485,0.7992126,1.447259665,478,30,106,0.76025105,0.56666666,0.81380755,389,17,0.794520557,1.31673336,209,10,49,0.744019151,0.699999988,0.799043059,167,7
486,0.79527557,1.295455098,478,30,118,0.8529289,0.73333335,0.79916316,382,22,0.794520557,1.316240668,209,10,49,0.743062198,0.699999988,0.799043059,167,7
487,0.79527557,1.358225703,478,30,110,0.7880056,0.6,0.80753136,386,18,0.794520557,1.315750718,209,10,49,0.744497597,0.699999988,0.799043059,167,7
488,0.79133856,1.38722682,478,30,110,0.79846585,0.56666666,0.80543935,385,17,0.794520557,1.315305948,209,10,49,0.744976103,0.699999988,0.799043059,167,7
489,0.8110236,1.393631697,478,30,102,0.8037657,0.6,0.8242678,394,18,0.794520557,1.314898729,209,10,49,0.744976103,0.699999988,0.799043059,167,7
490,0.7677165,1.433659554,478,30,126,0.7669456,0.6333333,0.77615064,371,19,0.794520557,1.314399838,209,10,49,0.745215297,0.699999988,0.799043059,167,7
491,0.78149605,1.349321604,478,30,123,0.7914226,0.7,0.7866109,376,21,0.794520557,1.313843369,209,10,49,0.744138777,0.699999988,0.799043059,167,7
492,0.8070866,1.344383121,478,30,104,0.8143654,0.6,0.8200837,392,18,0.794520557,1.313266993,209,10,49,0.744019151,0.699999988,0.799043059,167,7
493,0.79527557,1.368783236,478,30,108,0.7735704,0.56666666,0.8096234,387,17,0.794520557,1.312629461,209,10,49,0.744497597,0.699999988,0.799043059,167,7
494,0.79330707,1.307417512,478,30,119,0.8254533,0.73333335,0.79707116,381,22,0.789954364,1.31189549,209,10,48,0.74545455,0.600000024,0.799043059,167,6
495,0.8110236,1.312250137,478,30,108,0.83270574,0.7,0.8179916,391,21,0.789954364,1.311085582,209,10,48,0.743301451,0.600000024,0.799043059,167,6
496,0.8110236,1.31305635,478,30,106,0.79714084,0.6666667,0.8200837,392,20,0.789954364,1.310241342,209,10,48,0.742822945,0.600000024,0.799043059,167,6
497,0.8070866,1.308915734,478,30,106,0.8140865,0.6333333,0.8179916,391,19,0.789954364,1.309376717,209,10,48,0.747368395,0.600000024,0.799043059,167,6
498,0.8011811,1.33367157,478,30,111,0.8249651,0.6666667,0.8096234,387,20,0.789954364,1.308570266,209,10,48,0.741148353,0.600000024,0.799043059,167,6
499,0.8090551,1.230454445,478,30,111,0.85788006,0.73333335,0.81380755,389,22,0.789954364,1.307665825,209,10,48,0.741148353,0.600000024,0.799043059,167,6
500,0.7972441,1.39977622,478,30,111,0.7494421,0.6333333,0.80753136,386,19,0.794520557,1.306733251,209,10,47,0.739952147,0.600000024,0.803827763,168,6
501,0.81496066,1.299337268,478,30,102,0.8237099,0.6333333,0.8263598,395,19,0.794520557,1.30599308,209,10,47,0.738995194,0.600000024,0.803827763,168,6
502,0.81889766,1.391108871,478,30,98,0.8020921,0.6,0.832636,398,18,0.794520557,1.305429578,209,10,47,0.738636374,0.600000024,0.803827763,168,6
503,0.78740156,1.411737919,478,30,106,0.79553694,0.46666667,0.80753136,386,14,0.794520557,1.304908156,209,10,47,0.738157868,0.600000024,0.803827763,168,6
504,0.78543305,1.435312152,478,30,109,0.74093443,0.5,0.8033473,384,15,0.794520557,1.304429054,209,10,47,0.741148353,0.600000024,0.803827763,168,6
505,0.8110236,1.316634178,478,30,106,0.7830544,0.6666667,0.8200837,392,20,0.794520557,1.303966165,209,10,47,0.744497597,0.600000024,0.803827763,168,6
506,0.78149605,1.358533263,478,30,115,0.7797769,0.56666666,0.7949791,380,17,0.794520557,1.303633332,209,10,45,0.747248828,0.5,0.808612466,169,5
507,0.78346455,1.364110351,478,30,120,0.78117156,0.6666667,0.79079497,378,20,0.794520557,1.303263068,209,10,45,0.74509567,0.5,0.808612466,169,5
508,0.8090551,1.299577117,478,30,105,0.8440725,0.6333333,0.8200837,392,19,0.794520557,1.30271554,209,10,45,0.744617224,0.5,0.808612466,169,5
509,0.81692916,1.334828258,478,30,103,0.8253138,0.6666667,0.8263598,395,20,0.794520557,1.302000046,209,10,45,0.748086095,0.5,0.808612466,169,5
510,0.81496066,1.298755407,478,30,104,0.8195258,0.6666667,0.8242678,394,20,0.794520557,1.301178336,209,10,45,0.748564601,0.5,0.808612466,169,5
511,0.7972441,1.278020024,478,30,115,0.82622033,0.7,0.8033473,384,21,0.789954364,1.300460935,209,10,46,0.750239253,0.5,0.803827763,168,5
512,0.79133856,1.339158654,478,30,118,0.79951185,0.7,0.79707116,381,21,0.794520557,1.299816728,209,10,47,0.754784703,0.600000024,0.803827763,168,6
513,0.8031496,1.344494581,478,30,110,0.8009763,0.6666667,0.8117155,388,20,0.794520557,1.299298763,209,10,47,0.755023897,0.600000024,0.803827763,168,6
514,0.8090551,1.331722856,478,30,111,0.8053696,0.73333335,0.81380755,389,22,0.794520557,1.298634171,209,10,47,0.755980849,0.600000024,0.803827763,168,6
515,0.8543307,1.290688515,478,30,84,0.8338215,0.6666667,0.8661088,414,20,0.794520557,1.298065543,209,10,47,0.755023897,0.600000024,0.803827763,168,6
516,0.8287402,1.257130504,478,30,101,0.85864717,0.73333335,0.83472806,399,22,0.794520557,1.297564387,209,10,47,0.756459355,0.600000024,0.803827763,168,6
517,0.79527557,1.42789638,478,30,110,0.77740586,0.6,0.80753136,386,18,0.794520557,1.297093511,209,10,47,0.756459355,0.600000024,0.803827763,168,6
518,0.7972441,1.346298337,478,30,115,0.77719665,0.7,0.8033473,384,21,0.794520557,1.296741009,209,10,47,0.756459355,0.600000024,0.803827763,168,6
519,0.8267717,1.259661317,478,30,106,0.85285914,0.8,0.8284519,396,24,0.79908675,1.296358824,209,10,48,0.755502403,0.699999988,0.803827763,168,7
520,0.78740156,1.377724648,478,30,114,0.80864716,0.6,0.79916316,382,18,0.79908675,1.296051264,209,10,48,0.755023897,0.699999988,0.803827763,168,7
521,0.77559054,1.436769962,478,30,114,0.7543933,0.5,0.79288703,379,15,0.79908675,1.295659423,209,10,48,0.755023897,0.699999988,0.803827763,168,7
522,0.78543305,1.325980783,478,30,123,0.779986,0.73333335,0.7887029,377,22,0.79908675,1.295132756,209,10,48,0.755023897,0.699999988,0.803827763,168,7
523,0.81299216,1.292103648,478,30,107,0.8253138,0.7,0.8200837,392,21,0.79908675,1.294604301,209,10,48,0.754067004,0.699999988,0.803827763,168,7
524,0.79133856,1.336123586,478,30,116,0.8167364,0.6666667,0.79916316,382,20,0.79908675,1.294087887,209,10,48,0.754067004,0.699999988,0.803827763,168,7
525,0.79330707,1.264688969,478,30,123,0.8429568,0.8,0.79288703,379,24,0.79908675,1.293592215,209,10,48,0.753588498,0.699999988,0.803827763,168,7
526,0.79330707,1.269203186,478,30,119,0.85983264,0.73333335,0.79707116,381,22,0.79908675,1.293171644,209,10,48,0.753588498,0.699999988,0.803827763,168,7
527,0.8031496,1.286825061,478,30,112,0.83396095,0.7,0.8096234,387,21,0.79908675,1.29272306,209,10,48,0.753349304,0.699999988,0.803827763,168,7
528,0.78937006,1.325443029,478,30,119,0.808159,0.7,0.7949791,380,21,0.79908675,1.292475224,209,10,48,0.752272725,0.699999988,0.803827763,168,7
529,0.79527557,1.249652028,478,30,122,0.8474198,0.8,0.7949791,380,24,0.79908675,1.292310834,209,10,48,0.750956953,0.699999988,0.803827763,168,7
530,0.8031496,1.375697136,478,30,106,0.7851464,0.6,0.8158996,390,18,0.794520557,1.291996241,209,10,47,0.7492823,0.600000024,0.803827763,168,6
531,0.7992126,1.352350473,478,30,112,0.8203626,0.6666667,0.80753136,386,20,0.794520557,1.291622162,209,10,47,0.745693803,0.600000024,0.803827763,168,6
532,0.8110236,1.295379043,478,30,108,0.79490936,0.7,0.8179916,391,21,0.794520557,1.291275859,209,10,47,0.746052623,0.600000024,0.803827763,168,6
533,0.78740156,1.38875556,478,30,114,0.77440727,0.6,0.79916316,382,18,0.794520557,1.290917277,209,10,47,0.745932996,0.600000024,0.803827763,168,6
534,0.78937006,1.273793578,478,30,121,0.8161785,0.73333335,0.79288703,379,22,0.789954364,1.290513277,209,10,46,0.745932996,0.5,0.803827763,168,5
535,0.79330707,1.401667356,478,30,111,0.7917713,0.6,0.80543935,385,18,0.789954364,1.290078521,209,10,46,0.74545455,0.5,0.803827763,168,5
536,0.8110236,1.221257567,478,30,110,0.8467225,0.73333335,0.8158996,390,22,0.789954364,1.28980422,209,10,46,0.74545455,0.5,0.803827763,168,5
537,0.77362204,1.30347836,478,30,119,0.81464434,0.56666666,0.7866109,376,17,0.789954364,1.289539576,209,10,46,0.744976103,0.5,0.803827763,168,5
538,0.77755904,1.351242423,478,30,123,0.79525805,0.6666667,0.78451884,375,20,0.789954364,1.2893399,209,10,46,0.744976103,0.5,0.803827763,168,5
539,0.8011811,1.321387649,478,30,107,0.74846584,0.6,0.81380755,389,18,0.789954364,1.28917408,209,10,46,0.74473685,0.5,0.803827763,168,5
540,0.79527557,1.292101502,478,30,114,0.82308227,0.6666667,0.8033473,384,20,0.794520557,1.288993001,209,10,45,0.744497597,0.5,0.808612466,169,5
541,0.82086617,1.328819156,478,30,101,0.81666666,0.6666667,0.83054394,397,20,0.794520557,1.288912416,209,10,45,0.743181825,0.5,0.808612466,169,5
542,0.79527557,1.35852778,478,30,106,0.79239887,0.53333336,0.8117155,388,16,0.794520557,1.288766503,209,10,45,0.743062198,0.5,0.808612466,169,5
543,0.81299216,1.336782098,478,30,103,0.8270572,0.6333333,0.8242678,394,19,0.794520557,1.288585544,209,10,45,0.744019151,0.5,0.808612466,169,5
544,0.81299216,1.355330229,478,30,97,0.808159,0.53333336,0.83054394,397,16,0.794520557,1.288335919,209,10,45,0.740669847,0.5,0.808612466,169,5
545,0.8110236,1.307400346,478,30,106,0.823152,0.6666667,0.8200837,392,20,0.794520557,1.288003087,209,10,45,0.740669847,0.5,0.808612466,169,5
546,0.81692916,1.231390476,478,30,109,0.8650628,0.76666665,0.8200837,392,23,0.794520557,1.287693739,209,10,45,0.740430593,0.5,0.808612466,169,5
547,0.8011811,1.381964445,478,30,107,0.7887029,0.6,0.81380755,389,18,0.794520557,1.287338972,209,10,45,0.7401914,0.5,0.808612466,169,5
548,0.7972441,1.333507538,478,30,107,0.82517433,0.56666666,0.8117155,388,17,0.794520557,1.286753178,209,10,45,0.7401914,0.5,0.808612466,169,5
549,0.8110236,1.362815022,478,30,100,0.7824965,0.56666666,0.8263598,395,17,0.794520557,1.286196709,209,10,45,0.739712894,0.5,0.808612466,169,5
550,0.79330707,1.372370005,478,30,107,0.78898185,0.53333336,0.8096234,387,16,0.794520557,1.28570652,209,10,45,0.738756001,0.5,0.808612466,169,5
551,0.7972441,1.270314097,478,30,113,0.8095537,0.6666667,0.80543935,385,20,0.794520557,1.285212517,209,10,45,0.737320602,0.5,0.808612466,169,5
552,0.8051181,1.338588953,478,30,105,0.7821478,0.6,0.8179916,391,18,0.794520557,1.284822822,209,10,45,0.737320602,0.5,0.808612466,169,5
553,0.8051181,1.28823328,478,30,113,0.83988845,0.73333335,0.8096234,387,22,0.789954364,1.284533262,209,10,46,0.737799048,0.5,0.803827763,168,5
554,0.8366142,1.309924722,478,30,95,0.85969317,0.7,0.84518826,404,21,0.789954364,1.28425467,209,10,46,0.737320602,0.5,0.803827763,168,5
555,0.8110236,1.363329411,478,30,108,0.7963738,0.7,0.8179916,391,21,0.794520557,1.284082294,209,10,47,0.736363649,0.600000024,0.803827763,168,6
556,0.81496066,1.297943592,478,30,106,0.8317294,0.7,0.82217574,393,21,0.789954364,1.284065723,209,10,48,0.735885143,0.600000024,0.799043059,167,6
557,0.76968503,1.386500597,478,30,121,0.7437936,0.56666666,0.7824268,374,17,0.794520557,1.284104109,209,10,49,0.735885143,0.699999988,0.799043059,167,7
558,0.77755904,1.25515604,478,30,121,0.8364017,0.6333333,0.7866109,376,19,0.794520557,1.28405571,209,10,49,0.736363649,0.699999988,0.799043059,167,7
559,0.78543305,1.270714641,478,30,125,0.83988845,0.76666665,0.7866109,376,23,0.794520557,1.283869028,209,10,49,0.735167444,0.699999988,0.799043059,167,7
560,0.79330707,1.261896491,478,30,115,0.82301253,0.6666667,0.8012552,383,20,0.794520557,1.283650398,209,10,49,0.733492851,0.699999988,0.799043059,167,7
561,0.78149605,1.291479468,478,30,127,0.8313807,0.76666665,0.7824268,374,23,0.794520557,1.283545613,209,10,47,0.733373225,0.600000024,0.803827763,168,6
562,0.77952754,1.296960711,478,30,124,0.8099721,0.7,0.78451884,375,21,0.794520557,1.28341639,209,10,47,0.733373225,0.600000024,0.803827763,168,6
563,0.79133856,1.309175014,478,30,116,0.8183403,0.6666667,0.79916316,382,20,0.789954364,1.283331871,209,10,46,0.7311005,0.5,0.803827763,168,5
564,0.8031496,1.230751038,478,30,114,0.84769875,0.73333335,0.80753136,386,22,0.789954364,1.283186316,209,10,46,0.732057393,0.5,0.803827763,168,5
565,0.7972441,1.293047309,478,30,111,0.8390516,0.6333333,0.80753136,386,19,0.789954364,1.283127189,209,10,46,0.728110075,0.5,0.803827763,168,5
566,0.78543305,1.28453064,478,30,121,0.82517433,0.7,0.79079497,378,21,0.789954364,1.283013225,209,10,46,0.728947341,0.5,0.803827763,168,5
567,0.8090551,1.343031526,478,30,101,0.7768828,0.56666666,0.8242678,394,17,0.789954364,1.28290236,209,10,46,0.728708148,0.5,0.803827763,168,5
568,0.8248032,1.235710621,478,30,103,0.8398187,0.73333335,0.83054394,397,22,0.794520557,1.282796264,209,10,45,0.724760771,0.5,0.808612466,169,5
569,0.8051181,1.297317028,478,30,105,0.8063459,0.6,0.8179916,391,18,0.794520557,1.28259933,209,10,45,0.724521518,0.5,0.808612466,169,5
570,0.7992126,1.26421392,478,30,116,0.8378661,0.73333335,0.8033473,384,22,0.794520557,1.282368302,209,10,45,0.724282324,0.5,0.808612466,169,5
571,0.8051181,1.365110993,478,30,107,0.786053,0.6333333,0.8158996,390,19,0.794520557,1.281954646,209,10,45,0.728468895,0.5,0.808612466,169,5
572,0.82086617,1.257760882,478,30,99,0.85055786,0.6333333,0.832636,398,19,0.794520557,1.281641841,209,10,45,0.728229642,0.5,0.808612466,169,5
573,0.8070866,1.299891472,478,30,104,0.816318,0.6,0.8200837,392,18,0.794520557,1.281413674,209,10,45,0.728468895,0.5,0.808612466,169,5
574,0.78740156,1.357700467,478,30,112,0.7848675,0.56666666,0.8012552,383,17,0.794520557,1.281143546,209,10,45,0.727511942,0.5,0.808612466,169,5
575,0.7972441,1.358314514,478,30,107,0.79916316,0.56666666,0.8117155,388,17,0.794520557,1.280862093,209,10,45,0.727272749,0.5,0.808612466,169,5
576,0.8011811,1.22819829,478,30,117,0.8474198,0.76666665,0.8033473,384,23,0.794520557,1.280631661,209,10,45,0.727751195,0.5,0.808612466,169,5
577,0.78937006,1.222962499,478,30,121,0.83179915,0.73333335,0.79288703,379,22,0.794520557,1.280452728,209,10,45,0.727392316,0.5,0.808612466,169,5
578,0.78937006,1.31263864,478,30,115,0.81736404,0.6333333,0.79916316,382,19,0.794520557,1.280220985,209,10,45,0.727751195,0.5,0.808612466,169,5
579,0.78543305,1.224827409,478,30,121,0.8533473,0.7,0.79079497,378,21,0.789954364,1.279972196,209,10,46,0.725119591,0.5,0.803827763,168,5
580,0.81299216,1.189969063,478,30,107,0.852371,0.7,0.8200837,392,21,0.789954364,1.279749751,209,10,46,0.723923445,0.5,0.803827763,168,5
581,0.79527557,1.242864251,478,30,118,0.8477685,0.73333335,0.79916316,382,22,0.789954364,1.27947247,209,10,46,0.723205745,0.5,0.803827763,168,5
582,0.82086617,1.183274388,478,30,105,0.85376567,0.73333335,0.8263598,395,22,0.794520557,1.2792629,209,10,45,0.724880397,0.5,0.808612466,169,5
583,0.79527557,1.347905159,478,30,112,0.7767085,0.6333333,0.80543935,385,19,0.794520557,1.278992414,209,10,45,0.726315796,0.5,0.808612466,169,5
584,0.8070866,1.331448197,478,30,102,0.76917714,0.56666666,0.82217574,393,17,0.79908675,1.278733015,209,10,44,0.725239217,0.5,0.81339711,170,5
585,0.8011811,1.264607668,478,30,109,0.8372385,0.6333333,0.8117155,388,19,0.79908675,1.278537154,209,10,44,0.72547847,0.5,0.81339711,170,5
586,0.8090551,1.232539058,478,30,109,0.81562066,0.7,0.8158996,390,21,0.79908675,1.278378367,209,10,44,0.722488046,0.5,0.81339711,170,5
587,0.8031496,1.287124276,478,30,116,0.8203626,0.76666665,0.80543935,385,23,0.79908675,1.278174639,209,10,44,0.720574141,0.5,0.81339711,170,5
588,0.8051181,1.228898644,478,30,113,0.84644353,0.73333335,0.8096234,387,22,0.79908675,1.277780533,209,10,44,0.720454574,0.5,0.81339711,170,5
589,0.81496066,1.206340432,478,30,106,0.85135984,0.7,0.82217574,393,21,0.79908675,1.27747333,209,10,44,0.721052647,0.5,0.81339711,170,5
590,0.78740156,1.380879402,478,30,106,0.79651326,0.46666667,0.80753136,386,14,0.79908675,1.277050376,209,10,44,0.72093302,0.5,0.81339711,170,5
591,0.8228347,1.262810111,478,30,102,0.84909344,0.7,0.83054394,397,21,0.79908675,1.276775599,209,10,44,0.72200954,0.5,0.81339711,170,5
592,0.8031496,1.224580288,478,30,112,0.8359833,0.7,0.8096234,387,21,0.79908675,1.276580453,209,10,44,0.72200954,0.5,0.81339711,170,5
593,0.8011811,1.252828121,478,30,113,0.83647144,0.7,0.80753136,386,21,0.79908675,1.276576638,209,10,44,0.722488046,0.5,0.81339711,170,5
594,0.81299216,1.214658618,478,30,107,0.8518829,0.7,0.8200837,392,21,0.79908675,1.276473641,209,10,44,0.721770346,0.5,0.81339711,170,5
595,0.77165353,1.380277514,478,30,118,0.7861925,0.53333336,0.7866109,376,16,0.79908675,1.276321173,209,10,44,0.721770346,0.5,0.81339711,170,5
596,0.79133856,1.272039413,478,30,116,0.8185495,0.6666667,0.79916316,382,20,0.79908675,1.276059866,209,10,44,0.722607672,0.5,0.81339711,170,5
597,0.8110236,1.172525764,478,30,116,0.8748954,0.8333333,0.8096234,387,25,0.79908675,1.275942802,209,10,44,0.719617248,0.5,0.81339711,170,5
598,0.81299216,1.213130832,478,30,113,0.85627615,0.8,0.81380755,389,24,0.79908675,1.275723934,209,10,44,0.719617248,0.5,0.81339711,170,5
599,0.81496066,1.26827693,478,30,112,0.8518829,0.8,0.8158996,390,24,0.79908675,1.275517106,209,10,44,0.719617248,0.5,0.81339711,170,5
